id,version_active,file_bytes,create_date,create_uid/id,cte_name,model,file_filter,odoo_model/id,sga_file_var_ids/id,sga_file_var_ids/adaia_type,sga_file_var_ids/name,sga_file_var_ids/odoo_name/id,sga_file_var_ids/fillchar,sga_file_var_ids/create_date,sga_file_var_ids/create_uid/id,sga_file_var_ids/en,sga_file_var_ids/st,sga_file_var_ids/length_dec,sga_file_var_ids/length_int,sga_file_var_ids/length,sga_file_var_ids/odoo_model/id,sga_file_var_ids/required,sga_file_var_ids/sequence,sga_file_var_ids/default,sga_file_var_ids/write_uid/id,sga_file_var_ids/write_date,description,code,version,write_uid/id,write_date
__export__.sgavar_file_37_25d6085a,False,276,2019-11-15 10:48:16,__export__.res_users_5_8063b05c,"Batch por picks, recepción",Transferir,,sga_ulma_integration.model_stock_picking,__export__.sgavar_file_var_600_1a1a4774,Fecha,FECORD,__export__.ir_model_fields_8590_7acc3e09, ,2019-11-15 11:13:28,__export__.res_users_5_8063b05c,8,61,0,8,8,sga_ulma_integration.model_stock_picking,True,7,,__export__.res_users_5_8063b05c,2019-11-15 11:13:28,,BPP,0,__export__.res_users_5_8063b05c,2019-11-15 11:13:28
,,,,,,,,,__export__.sgavar_file_var_1088_433e4f22,Hora,FECREC,stock.field_stock_picking_date_done, ,2019-11-15 11:13:28,__export__.res_users_5_8063b05c,76,69,0,8,8,sga_ulma_integration.model_stock_picking,False,8,,__export__.res_users_5_8063b05c,2019-11-15 11:13:28,,,,,
,,,,,,,,,__export__.sgavar_file_var_570_0a45c89e,Alfanumerico,HORREC,, ,2019-11-15 11:13:28,__export__.res_users_5_8063b05c,80,77,0,4,4,sga_ulma_integration.model_stock_picking,False,9,,__export__.res_users_5_8063b05c,2019-11-15 11:13:28,,,,,
,,,,,,,,,__export__.sgavar_file_var_1050_7537a5f6,Alfanumerico,OBS,, ,2019-11-15 11:13:28,__export__.res_users_5_8063b05c,120,81,0,40,40,sga_ulma_integration.model_stock_picking,False,10,,__export__.res_users_5_8063b05c,2019-11-15 11:13:28,,,,,
,,,,,,,,,__export__.sgavar_file_var_634_51501013,Alfanumerico,TERRESREF,, ,2019-11-15 11:13:28,__export__.res_users_5_8063b05c,136,121,0,16,16,sga_ulma_integration.model_stock_picking,False,11,,__export__.res_users_5_8063b05c,2019-11-15 11:13:28,,,,,
,,,,,,,,,__export__.sgavar_file_var_1150_3zwzj87s,Alfanumerico,RECORDSUBTIP,, ,2019-11-15 11:13:28,__export__.res_users_5_8063b05c,140,137,0,4,4,sga_ulma_integration.model_stock_picking,False,12,,__export__.res_users_5_8063b05c,2019-11-15 11:13:28,,,,,
,,,,,,,,,__export__.sgavar_file_var_714_8bc77521,Alfanumerico,PRVCAMCOM,, ,2019-11-15 11:13:28,__export__.res_users_5_8063b05c,260,141,0,160,160,sga_ulma_integration.model_stock_picking,False,13,,__export__.res_users_5_8063b05c,2019-11-15 11:13:28,,,,,
,,,,,,,,,__export__.sgavar_file_var_1136_4hk8pxdx,one2many,MOVE_LINES,sga_adaia_integration.field_stock_picking_adaia_move_ids, ,2019-11-15 11:13:28,__export__.res_users_5_8063b05c,0,0,0,0,0,sga_ulma_integration.model_stock_picking,True,14,MVL,__export__.res_users_5_8063b05c,2019-11-15 11:13:28,,,,,
__export__.sgavar_file_38_4eefb65f,False,124,2019-11-15 10:48:16,__export__.res_users_5_8063b05c,"Batch por picks, confirmation",Transferir,,sga_ulma_integration.model_stock_picking,__export__.sgavar_file_var_616_2c21c95d,Alfanumerico,RECORDTIP,, ,2019-11-15 11:13:28,__export__.res_users_5_8063b05c,69,66,0,4,4,sga_ulma_integration.model_stock_picking,True,7,ENPR,__export__.res_users_5_8063b05c,2019-11-15 11:13:28,,BPP,1,__export__.res_users_5_8063b05c,2019-11-15 11:13:28
,,,,,,,,,__export__.sgavar_file_var_1113_568e5b46,Alfanumerico,ALBARA,stock.field_stock_picking_name, ,2019-11-15 11:13:28,__export__.res_users_5_8063b05c,86,70,0,17,17,sga_ulma_integration.model_stock_picking,True,8,,__export__.res_users_5_8063b05c,2019-11-15 11:13:28,,,,,
,,,,,,,,,__export__.sgavar_file_var_582_6fb5e32f,Fecha,FECREC,stock.field_stock_picking_date_done, ,2019-11-15 11:13:28,__export__.res_users_5_8063b05c,94,87,0,8,8,sga_ulma_integration.model_stock_picking,True,9,,__export__.res_users_5_8063b05c,2019-11-15 11:13:28,,,,,
,,,,,,,,,__export__.sgavar_file_var_1089_daa96e8b,Hora,HORREC,stock.field_stock_picking_date_done, ,2019-11-15 11:13:28,__export__.res_users_5_8063b05c,98,95,0,5,5,sga_ulma_integration.model_stock_picking,True,10,,__export__.res_users_5_8063b05c,2019-11-15 11:13:28,,,,,
,,,,,,,,,__export__.sgavar_file_var_646_dba4da85,Alfanumerico,OBS,stock.field_stock_picking_note, ,2019-11-15 11:13:28,__export__.res_users_5_8063b05c,139,99,0,40,40,sga_ulma_integration.model_stock_picking,False,11,,__export__.res_users_5_8063b05c,2019-11-15 11:13:28,,,,,
,,,,,,,,,__export__.sgavar_file_var_1166_3vf7ntou,one2many,MOVE_LINES,sga_adaia_integration.field_stock_picking_adaia_move_ids,,2019-11-15 11:13:28,__export__.res_users_5_8063b05c,0,0,0,0,0,sga_ulma_integration.model_stock_picking,True,12,MVL,__export__.res_users_5_8063b05c,2019-11-15 11:13:28,,,,,
__export__.sgavar_file_39_94b325e8,False,287,2019-11-15 10:48:16,__export__.res_users_5_8063b05c,Movimiento de Stock,Transferir,,sga_ulma_integration.model_stock_picking,__export__.sgavar_file_var_632_b376b9a5,Alfanumerico,EXPORDTIP,sga_adaia_integration.field_stock_picking_adaia_code, ,2019-11-15 11:13:28,__export__.res_users_5_8063b05c,59,56,0,4,4,sga_ulma_integration.model_stock_picking,False,7,,__export__.res_users_5_8063b05c,2019-11-15 11:13:28,,MVL,0,__export__.res_users_5_8063b05c,2019-11-15 11:13:28
,,,,,,,,,__export__.sgavar_file_var_1133_1sy1sw66,Related-Alfanumérico,EXPORDSUBTIP,shipping_type.field_stock_picking_delivery_route_path_id, ,2019-11-15 11:13:28,__export__.res_users_5_8063b05c,63,60,0,4,4,sga_ulma_integration.model_stock_picking,False,8,name,__export__.res_users_5_8063b05c,2019-11-15 11:13:28,,,,,
,,,,,,,,,__export__.sgavar_file_var_602_369662cd,Alfanumerico,TRAREF,, ,2019-11-15 11:13:28,__export__.res_users_5_8063b05c,79,64,0,16,16,sga_ulma_integration.model_stock_picking,False,9,,__export__.res_users_5_8063b05c,2019-11-15 11:13:28,,,,,
,,,,,,,,,__export__.sgavar_file_var_1114_1v68wx6s,Fecha,FECORD,__export__.ir_model_fields_8590_7acc3e09, ,2019-11-15 11:13:28,__export__.res_users_5_8063b05c,87,80,0,8,8,sga_ulma_integration.model_stock_picking,False,10,,__export__.res_users_5_8063b05c,2019-11-15 11:13:28,,,,,
,,,,,,,,,__export__.sgavar_file_var_713_11dcc9eb,Alfanumerico,FECEXP,, ,2019-11-15 11:13:28,__export__.res_users_5_8063b05c,95,88,0,8,8,sga_ulma_integration.model_stock_picking,False,11,,__export__.res_users_5_8063b05c,2019-11-15 11:13:28,,,,,
,,,,,,,,,__export__.sgavar_file_var_3328_f6e2d28c,Alfanumerico,HOREXP,, ,2019-11-15 11:13:28,__export__.res_users_5_8063b05c,99,96,0,4,4,sga_ulma_integration.model_stock_picking,False,12,,__export__.res_users_5_8063b05c,2019-11-15 11:13:28,,,,,
,,,,,,,,,__export__.sgavar_file_var_725_424130f0,Alfanumerico,URGENT,, ,2019-11-15 11:13:28,__export__.res_users_5_8063b05c,100,100,0,1,1,sga_ulma_integration.model_stock_picking,True,13,N,__export__.res_users_5_8063b05c,2019-11-15 11:13:28,,,,,
,,,,,,,,,__export__.sgavar_file_var_1151_4s3tpnbu,Alfanumerico,OBS,, ,2019-11-15 11:13:28,__export__.res_users_5_8063b05c,140,101,0,40,40,sga_ulma_integration.model_stock_picking,False,14,,__export__.res_users_5_8063b05c,2019-11-15 11:13:28,,,,,
,,,,,,,,,__export__.sgavar_file_var_636_a5777eaa,Alfanumerico,MUEEXP,sga_adaia_integration.field_stock_picking_adaia_dock, ,2019-11-15 11:13:28,__export__.res_users_5_8063b05c,146,141,0,6,6,sga_ulma_integration.model_stock_picking,False,15,,__export__.res_users_5_8063b05c,2019-11-15 11:13:28,,,,,
,,,,,,,,,__export__.sgavar_file_var_1048_76e28e0f,Alfanumerico,PRVCAMCOM,, ,2019-11-15 11:13:28,__export__.res_users_5_8063b05c,306,147,0,160,160,sga_ulma_integration.model_stock_picking,False,16,,__export__.res_users_5_8063b05c,2019-11-15 11:13:28,,,,,
,,,,,,,,,__export__.sgavar_file_var_3402_247c58ec,Alfanumerico,AGROEXGENACC,sga_adaia_integration.field_stock_picking_adaia_group, ,2019-11-15 11:13:28,__export__.res_users_5_8063b05c,322,307,0,16,16,sga_ulma_integration.model_stock_picking,False,17,,__export__.res_users_5_8063b05c,2019-11-15 11:13:28,,,,,
,,,,,,,,,__export__.sgavar_file_var_649_a4eddd3a,Numérico,NUMVER,, ,2019-11-15 11:13:28,__export__.res_users_5_8063b05c,326,323,0,4,4,sga_ulma_integration.model_stock_picking,False,18,0,__export__.res_users_5_8063b05c,2019-11-15 11:13:28,,,,,
,,,,,,,,,__export__.sgavar_file_var_1005_bbea45fd,one2many,MOVE_LINES,sga_adaia_integration.field_stock_picking_adaia_move_ids,,2019-11-15 11:13:28,__export__.res_users_5_8063b05c,0,0,0,0,0,sga_ulma_integration.model_stock_picking,True,19,MLO,__export__.res_users_5_8063b05c,2019-11-15 11:13:28,,,,,
__export__.sgavar_file_4_48d6546f,False,264,2019-11-15 10:48:16,__export__.res_users_5_8063b05c,Confirmación de expedición,Transferir,,sga_ulma_integration.model_stock_picking,__export__.sgavar_file_var_644_dab0b21c,Alfanumerico,EXPORDSUBTIP,, ,2019-11-15 11:13:28,__export__.res_users_5_8063b05c,63,60,0,4,4,sga_ulma_integration.model_stock_picking,False,7,,__export__.res_users_5_8063b05c,2019-11-15 11:13:28,,OUT,1,__export__.res_users_5_8063b05c,2019-11-15 11:13:28
,,,,,,,,,__export__.sgavar_file_var_1148_153jdb6w,Alfanumerico,ALBARA,, ,2019-11-15 11:13:28,__export__.res_users_5_8063b05c,75,64,0,12,12,sga_ulma_integration.model_stock_picking,False,8,,__export__.res_users_5_8063b05c,2019-11-15 11:13:28,,,,,
,,,,,,,,,__export__.sgavar_file_var_617_52f6f4f2,Fecha,FECEXP,stock.field_stock_picking_scheduled_date, ,2019-11-15 11:13:28,__export__.res_users_5_8063b05c,83,76,0,8,8,sga_ulma_integration.model_stock_picking,False,9,,__export__.res_users_5_8063b05c,2019-11-15 11:13:28,,,,,
,,,,,,,,,__export__.sgavar_file_var_1134_2ztc1r0n,Hora,HOREXP,stock.field_stock_picking_scheduled_date, ,2019-11-15 11:13:28,__export__.res_users_5_8063b05c,87,84,0,4,4,sga_ulma_integration.model_stock_picking,False,10,,__export__.res_users_5_8063b05c,2019-11-15 11:13:28,,,,,
,,,,,,,,,__export__.sgavar_file_var_724_0b2b441d,Alfanumerico,OBS,stock.field_stock_picking_note, ,2019-11-15 11:13:28,__export__.res_users_5_8063b05c,127,88,0,40,40,sga_ulma_integration.model_stock_picking,False,11,,__export__.res_users_5_8063b05c,2019-11-15 11:13:28,,,,,
,,,,,,,,,__export__.sgavar_file_var_3343_19defafd,Alfanumerico,PRVCAMCOM,, ,2019-11-15 11:13:28,__export__.res_users_5_8063b05c,286,128,0,160,160,sga_ulma_integration.model_stock_picking,True,12,,__export__.res_users_5_8063b05c,2019-11-15 11:13:28,,,,,
,,,,,,,,,__export__.sgavar_file_var_1091_d47e0fea,Alfanumerico,AGROEXGENACC,,,2019-11-15 11:13:28,__export__.res_users_5_8063b05c,301,287,0,166,16,sga_ulma_integration.model_stock_picking,False,13,,__export__.res_users_5_8063b05c,2019-11-15 11:13:28,,,,,
,,,,,,,,,__export__.sgavar_file_var_1167_4f4begk1,one2many,MOVE_LINE,stock.field_stock_picking_move_line_ids,,2019-11-15 11:13:28,__export__.res_users_5_8063b05c,0,0,0,0,0,sga_ulma_integration.model_stock_picking,True,14,CEL,__export__.res_users_5_8063b05c,2019-11-15 11:13:28,,,,,
,,,,,,,,,__export__.sgavar_file_var_1043_5eefa9aa,one2many,CONTENT_LINES,stock.field_stock_picking_move_line_ids, ,2019-11-15 11:13:28,__export__.res_users_5_8063b05c,0,0,0,0,0,sga_ulma_integration.model_stock_picking,True,15,CEN,__export__.res_users_5_8063b05c,2019-11-15 11:13:28,,,,,
__export__.sgavar_file_41_262f912d,False,63,2019-11-15 10:48:16,__export__.res_users_5_8063b05c,"Batch por picks, salida",Operación de empaquetado,,sga_ulma_integration.model_stock_move_line,__export__.sgavar_file_var_711_242cc1f9,Related-Numérico,PESPED,stock.field_stock_move_line_product_id, ,2019-11-15 11:13:28,__export__.res_users_5_8063b05c,68,60,3,3,6,sga_ulma_integration.model_stock_move_line,False,7,weight,__export__.res_users_5_8063b05c,2019-11-15 11:13:28,,BPO,0,__export__.res_users_5_8063b05c,2019-11-15 11:13:28
,,,,,,,,,__export__.sgavar_file_var_1164_1wgf3blp,Related-Numérico,PRECOM,stock.field_stock_move_line_product_id, ,2019-11-15 11:13:28,__export__.res_users_5_8063b05c,77,69,2,7,9,sga_ulma_integration.model_stock_move_line,False,8,standard_price,__export__.res_users_5_8063b05c,2019-11-15 11:13:28,,,,,
,,,,,,,,,__export__.sgavar_file_var_633_a326107c,Alfanumerico,ADMCANMAY,, ,2019-11-15 11:13:28,__export__.res_users_5_8063b05c,78,78,0,1,1,sga_ulma_integration.model_stock_move_line,False,9,N,__export__.res_users_5_8063b05c,2019-11-15 11:13:28,,,,,
,,,,,,,,,__export__.sgavar_file_var_1149_28bngdkv,Alfanumerico,ADMCANMEN,, ,2019-11-15 11:13:28,__export__.res_users_5_8063b05c,79,79,0,1,1,sga_ulma_integration.model_stock_move_line,False,10,N,__export__.res_users_5_8063b05c,2019-11-15 11:13:28,,,,,
,,,,,,,,,__export__.sgavar_file_var_789_2d81d6ab,Alfanumerico,IGNCAD,, ,2019-11-15 11:13:28,__export__.res_users_5_8063b05c,80,80,0,1,1,sga_ulma_integration.model_stock_move_line,False,11,N,__export__.res_users_5_8063b05c,2019-11-15 11:13:28,,,,,
,,,,,,,,,__export__.sgavar_file_var_3356_c3b67019,Alfanumerico,CTRCAL,, ,2019-11-15 11:13:28,__export__.res_users_5_8063b05c,81,81,0,1,1,sga_ulma_integration.model_stock_move_line,False,12,N,__export__.res_users_5_8063b05c,2019-11-15 11:13:28,,,,,
,,,,,,,,,__export__.sgavar_file_var_790_b8071717,Numérico,RECORDLIN,stock.field_stock_move_line_id, ,2019-11-15 11:13:28,__export__.res_users_5_8063b05c,90,82,0,9,9,sga_ulma_integration.model_stock_move_line,False,13,,__export__.res_users_5_8063b05c,2019-11-15 11:13:28,,,,,
,,,,,,,,,__export__.sgavar_file_var_3329_d5e342a2,Numérico,ADMCANMAYPOR,, ,2019-11-15 11:13:28,__export__.res_users_5_8063b05c,93,91,0,3,3,sga_ulma_integration.model_stock_move_line,False,14,,__export__.res_users_5_8063b05c,2019-11-15 11:13:28,,,,,
,,,,,,,,,__export__.sgavar_file_var_648_42d9bffb,Alfanumerico,LOTE,stock.field_stock_move_line_lot_name, ,2019-11-15 11:13:28,__export__.res_users_5_8063b05c,103,94,0,20,20,sga_ulma_integration.model_stock_move_line,False,15,,__export__.res_users_5_8063b05c,2019-11-15 11:13:28,,,,,
__export__.sgavar_file_42_a2c28e95,False,145,2019-11-15 10:48:16,__export__.res_users_5_8063b05c,"Movimiento de Stock, Salida",Operación de empaquetado,,sga_ulma_integration.model_stock_move_line,__export__.sgavar_file_var_722_9da5b58c,Related-Numérico,PRECOM,product.field_product_product_weight, ,2019-11-15 11:13:28,__export__.res_users_5_8063b05c,69,61,2,7,9,sga_ulma_integration.model_stock_move_line,False,7,standard_price,__export__.res_users_5_8063b05c,2019-11-15 11:13:28,,MLO,0,__export__.res_users_5_8063b05c,2019-11-15 11:13:28
,,,,,,,,,__export__.sgavar_file_var_3326_9c48a10d,Numérico,PESPRO,, ,2019-11-15 11:13:28,__export__.res_users_5_8063b05c,78,70,3,6,9,sga_ulma_integration.model_stock_move_line,False,8,,__export__.res_users_5_8063b05c,2019-11-15 11:13:28,,,,,
,,,,,,,,,__export__.sgavar_file_var_645_ad28f32a,Numérico,RECORDLIN,stock.field_stock_move_line_id, ,2019-11-15 11:13:28,__export__.res_users_5_8063b05c,77,79,0,9,9,sga_ulma_integration.model_stock_move_line,False,9,,__export__.res_users_5_8063b05c,2019-11-15 11:13:28,,,,,
,,,,,,,,,__export__.sgavar_file_var_1165_2ied3vav,Alfanumerico,LOTE,stock.field_stock_move_line_lot_name, ,2019-11-15 11:13:28,__export__.res_users_5_8063b05c,107,88,0,20,20,sga_ulma_integration.model_stock_move_line,False,10,,__export__.res_users_5_8063b05c,2019-11-15 11:13:28,,,,,
,,,,,,,,,__export__.sgavar_file_var_854_1a1addfc,Alfanumerico,INCIDENCIA,, ,2019-11-15 11:13:28,__export__.res_users_5_8063b05c,167,108,0,60,60,sga_ulma_integration.model_stock_move_line,False,11,,__export__.res_users_5_8063b05c,2019-11-15 11:13:28,,,,,
__export__.sgavar_file_7_6f93f9af,False,122,2019-11-15 10:48:16,__export__.res_users_5_8063b05c,"Orden de expedición, líneas",Operación de empaquetado,,sga_ulma_integration.model_stock_move_line,__export__.sgavar_file_var_782_72d46038,Related-Numérico,NUMUNI,stock.field_stock_move_line_product_uom_id, ,2019-11-15 11:13:28,__export__.res_users_5_8063b05c,67,60,0,8,8,sga_ulma_integration.model_stock_move_line,True,7,factor,__export__.res_users_5_8063b05c,2019-11-15 11:13:28,,OEL,0,__export__.res_users_5_8063b05c,2019-11-15 11:13:28
,,,,,,,,,__export__.sgavar_file_var_3341_ad7951f2,Related-Numérico,PESPED,stock.field_stock_move_line_product_id, ,2019-11-15 11:13:28,__export__.res_users_5_8063b05c,76,68,3,6,9,sga_ulma_integration.model_stock_move_line,False,8,weight,__export__.res_users_5_8063b05c,2019-11-15 11:13:28,,,,,
,,,,,,,,,__export__.sgavar_file_var_712_919e1d13,Related-Numérico,PREVEN,stock.field_stock_move_line_product_id, ,2019-11-15 11:13:28,__export__.res_users_5_8063b05c,85,77,2,7,9,sga_ulma_integration.model_stock_move_line,False,9,standard_price,__export__.res_users_5_8063b05c,2019-11-15 11:13:28,,,,,
,,,,,,,,,__export__.sgavar_file_var_3327_7c706063,Related-Alfanumérico,OBS,stock.field_stock_move_line_picking_id, ,2019-11-15 11:13:28,__export__.res_users_5_8063b05c,125,86,0,40,40,sga_ulma_integration.model_stock_move_line,False,10,note,__export__.res_users_5_8063b05c,2019-11-15 11:13:28,,,,,
,,,,,,,,,__export__.sgavar_file_var_877_df1daf8c,Alfanumerico,LOTE,stock.field_stock_move_line_lot_name, ,2019-11-15 11:13:28,__export__.res_users_5_8063b05c,145,126,0,20,20,sga_ulma_integration.model_stock_move_line,False,11,,__export__.res_users_5_8063b05c,2019-11-15 11:13:28,,,,,
,,,,,,,,,__export__.sgavar_file_var_3373_2bb2b45a,Alfanumerico,KIT,, ,2019-11-15 11:13:28,__export__.res_users_5_8063b05c,146,146,0,1,1,sga_ulma_integration.model_stock_move_line,False,12,N,__export__.res_users_5_8063b05c,2019-11-15 11:13:28,,,,,
,,,,,,,,,__export__.sgavar_file_var_855_bbc178bf,Numérico,VIDAUTILMIN,, ,2019-11-15 11:13:28,__export__.res_users_5_8063b05c,149,147,0,3,3,sga_ulma_integration.model_stock_move_line,False,13,,__export__.res_users_5_8063b05c,2019-11-15 11:13:28,,,,,
,,,,,,,,,__export__.sgavar_file_var_3344_45b04eba,Numérico,VIDAUTILMAX,, ,2019-11-15 11:13:28,__export__.res_users_5_8063b05c,152,150,0,3,3,sga_ulma_integration.model_stock_move_line,False,14,,__export__.res_users_5_8063b05c,2019-11-15 11:13:28,,,,,
__export__.sgavar_file_44_d9a664dc,False,238,2019-11-15 10:48:16,__export__.res_users_5_8063b05c,"Orden de salida, salida",Operación de empaquetado,,sga_ulma_integration.model_stock_move_line,__export__.sgavar_file_var_852_b42ca0bb,Alfanumerico,TIPUNI,, ,2019-11-15 11:13:28,__export__.res_users_5_8063b05c,68,65,0,4,4,sga_ulma_integration.model_stock_move_line,True,7,UD,__export__.res_users_5_8063b05c,2019-11-15 11:13:28,,OLO,0,__export__.res_users_5_8063b05c,2019-11-15 11:13:28
,,,,,,,,,__export__.sgavar_file_var_3354_5d1ac02c,Related-Numérico,PESSER,product.field_product_product_weight, ,2019-11-15 11:13:28,__export__.res_users_5_8063b05c,77,69,3,6,9,sga_ulma_integration.model_stock_move_line,False,8,weight,__export__.res_users_5_8063b05c,2019-11-15 11:13:28,,,,,
,,,,,,,,,__export__.sgavar_file_var_723_3ad5ee2d,Related-Numérico,PREVEN,product.field_product_product_weight, ,2019-11-15 11:13:28,__export__.res_users_5_8063b05c,86,78,2,7,9,sga_ulma_integration.model_stock_move_line,False,9,standard_price,__export__.res_users_5_8063b05c,2019-11-15 11:13:28,,,,,
,,,,,,,,,__export__.sgavar_file_var_3446_b82babb2,Alfanumerico,PREVEN,, ,2019-11-15 11:13:28,__export__.res_users_5_8063b05c,85,77,2,7,9,sga_ulma_integration.model_stock_move_line,False,9,,__export__.res_users_5_8063b05c,2019-11-15 11:13:28,,,,,
,,,,,,,,,__export__.sgavar_file_var_603_7e1ff00d,Alfanumerico,OBS,, ,2019-11-15 11:13:28,__export__.res_users_5_8063b05c,126,87,0,40,40,sga_ulma_integration.model_stock_move_line,False,10,,__export__.res_users_5_8063b05c,2019-11-15 11:13:28,,,,,
,,,,,,,,,__export__.sgavar_file_var_1115_25ogu5la,Related-Alfanumérico,LOTE,stock.field_stock_move_line_lot_id, ,2019-11-15 11:13:28,__export__.res_users_5_8063b05c,146,127,0,20,20,sga_ulma_integration.model_stock_move_line,False,11,ID,__export__.res_users_5_8063b05c,2019-11-15 11:13:28,,,,,
,,,,,,,,,__export__.sgavar_file_var_3448_0bc81bd5,Alfanumerico,LOTE,, ,2019-11-15 11:13:28,__export__.res_users_5_8063b05c,145,126,0,20,20,sga_ulma_integration.model_stock_move_line,False,11,,__export__.res_users_5_8063b05c,2019-11-15 11:13:28,,,,,
,,,,,,,,,__export__.sgavar_file_var_3449_be9c6c17,Alfanumerico,KIT,, ,2019-11-15 11:13:28,__export__.res_users_5_8063b05c,146,146,0,1,1,sga_ulma_integration.model_stock_move_line,False,12,N,__export__.res_users_5_8063b05c,2019-11-15 11:13:28,,,,,
,,,,,,,,,__export__.sgavar_file_var_3450_fc297b25,Alfanumerico,VIDAUTILMIN,, ,2019-11-15 11:13:28,__export__.res_users_5_8063b05c,149,147,0,3,3,sga_ulma_integration.model_stock_move_line,False,13,,__export__.res_users_5_8063b05c,2019-11-15 11:13:28,,,,,
,,,,,,,,,__export__.sgavar_file_var_3451_24b3349a,Alfanumerico,VIDAUTILMAX,, ,2019-11-15 11:13:28,__export__.res_users_5_8063b05c,152,150,0,3,3,sga_ulma_integration.model_stock_move_line,False,14,,__export__.res_users_5_8063b05c,2019-11-15 11:13:28,,,,,
__export__.sgavar_file_9_1s52a8w9,False,431,2019-11-15 10:48:16,__export__.res_users_5_8063b05c,Creación de clientes,Contacto,,partner_reservation_days.model_res_partner,__export__.sgavar_file_var_875_f5b04cb9,Alfanumerico,DIR1,base.field_res_partner_street, ,2019-11-15 11:13:28,__export__.res_users_5_8063b05c,134,95,0,40,40,partner_reservation_days.model_res_partner,False,7,,__export__.res_users_5_8063b05c,2019-11-15 11:13:28,,TE0,0,__export__.res_users_5_8063b05c,2019-11-15 11:13:28
,,,,,,,,,__export__.sgavar_file_var_3371_19dfacc7,Alfanumerico,DIR2,base.field_res_partner_city, ,2019-11-15 11:13:28,__export__.res_users_5_8063b05c,174,135,0,40,40,partner_reservation_days.model_res_partner,False,8,,__export__.res_users_5_8063b05c,2019-11-15 11:13:28,,,,,
,,,,,,,,,__export__.sgavar_file_var_783_a03f4f27,Related-Alfanumérico,DIR3,base.field_res_partner_state_id, ,2019-11-15 11:13:28,__export__.res_users_5_8063b05c,214,175,0,40,40,partner_reservation_days.model_res_partner,False,9,name,__export__.res_users_5_8063b05c,2019-11-15 11:13:28,,,,,
,,,,,,,,,__export__.sgavar_file_var_3342_98e28cb2,Related-Alfanumérico,DIR4,base.field_res_partner_country_id, ,2019-11-15 11:13:28,__export__.res_users_5_8063b05c,254,215,0,40,40,partner_reservation_days.model_res_partner,False,10,name,__export__.res_users_5_8063b05c,2019-11-15 11:13:28,,,,,
,,,,,,,,,__export__.sgavar_file_var_913_c9917097,Numérico,POSCOD,base.field_res_partner_zip, ,2019-11-15 11:13:28,__export__.res_users_5_8063b05c,260,255,0,6,6,partner_reservation_days.model_res_partner,False,11,,__export__.res_users_5_8063b05c,2019-11-15 11:13:28,,,,,
,,,,,,,,,__export__.sgavar_file_var_3388_16a698bf,Related-Alfanumérico,PAISCOD,base.field_res_partner_country_id, ,2019-11-15 11:13:28,__export__.res_users_5_8063b05c,264,261,0,4,4,partner_reservation_days.model_res_partner,False,12,code,__export__.res_users_5_8063b05c,2019-11-15 11:13:28,,,,,
,,,,,,,,,__export__.sgavar_file_var_878_344a1b80,Alfanumerico,PERAJU,, ,2019-11-15 11:13:28,__export__.res_users_5_8063b05c,265,265,0,1,1,partner_reservation_days.model_res_partner,False,13,N,__export__.res_users_5_8063b05c,2019-11-15 11:13:28,,,,,
,,,,,,,,,__export__.sgavar_file_var_3357_57492d7c,Alfanumerico,CNTEXPTIP,, ,2019-11-15 11:13:28,__export__.res_users_5_8063b05c,269,266,0,4,4,partner_reservation_days.model_res_partner,False,14,PL,__export__.res_users_5_8063b05c,2019-11-15 11:13:28,,,,,
,,,,,,,,,__export__.sgavar_file_var_715_51f32d0e,Alfanumerico,NUMTELSMS,base.field_res_partner_mobile, ,2019-11-15 11:13:28,__export__.res_users_5_8063b05c,349,270,0,80,80,partner_reservation_days.model_res_partner,False,15,,__export__.res_users_5_8063b05c,2019-11-15 11:13:28,,,,,
,,,,,,,,,__export__.sgavar_file_var_1059_693a7f23,Alfanumerico,NUMTELFAX,partner_fax.field_res_partner_fax, ,2019-11-15 11:13:28,__export__.res_users_5_8063b05c,429,350,0,80,80,partner_reservation_days.model_res_partner,False,16,,__export__.res_users_5_8063b05c,2019-11-15 11:13:28,,,,,
,,,,,,,,,__export__.sgavar_file_var_3425_cf091aef,Alfanumerico,EMAILD,base.field_res_partner_email, ,2019-11-15 11:13:28,__export__.res_users_5_8063b05c,509,430,0,80,80,partner_reservation_days.model_res_partner,False,17,,__export__.res_users_5_8063b05c,2019-11-15 11:13:28,,,,,
,,,,,,,,,__export__.sgavar_file_var_716_0d746ab9,Alfanumerico,CNTEXPTIPCAJ,, ,2019-11-15 11:13:28,__export__.res_users_5_8063b05c,513,510,0,4,4,partner_reservation_days.model_res_partner,False,18,,__export__.res_users_5_8063b05c,2019-11-15 11:13:28,,,,,
,,,,,,,,,__export__.sgavar_file_var_1022_039ff1a8,Alfanumerico,POSCODINT,, ,2019-11-15 11:13:28,__export__.res_users_5_8063b05c,521,514,0,8,8,partner_reservation_days.model_res_partner,False,19,,__export__.res_users_5_8063b05c,2019-11-15 11:13:28,,,,,
__export__.sgavar_file_10_1a9s7f6a,False,431,2019-11-15 10:48:16,__export__.res_users_5_8063b05c,Modificación de clientes,Contacto,,partner_reservation_days.model_res_partner,__export__.sgavar_file_var_911_1d8e2a02,Alfanumerico,DIR1,base.field_res_partner_street, ,2019-11-15 11:13:28,__export__.res_users_5_8063b05c,134,95,0,40,40,partner_reservation_days.model_res_partner,False,7,,__export__.res_users_5_8063b05c,2019-11-15 11:13:28,,TE0,1,__export__.res_users_5_8063b05c,2019-11-15 11:13:28
,,,,,,,,,__export__.sgavar_file_var_3386_e0b1b164,Alfanumerico,DIR2,base.field_res_partner_city, ,2019-11-15 11:13:28,__export__.res_users_5_8063b05c,174,135,0,40,40,partner_reservation_days.model_res_partner,False,8,,__export__.res_users_5_8063b05c,2019-11-15 11:13:28,,,,,
,,,,,,,,,__export__.sgavar_file_var_853_a93dfc48,Related-Alfanumérico,DIR3,base.field_res_partner_state_id, ,2019-11-15 11:13:28,__export__.res_users_5_8063b05c,214,175,0,40,40,partner_reservation_days.model_res_partner,False,9,name,__export__.res_users_5_8063b05c,2019-11-15 11:13:28,,,,,
,,,,,,,,,__export__.sgavar_file_var_3355_0fa78222,Related-Alfanumérico,DIR4,base.field_res_partner_country_id, ,2019-11-15 11:13:28,__export__.res_users_5_8063b05c,254,215,0,40,40,partner_reservation_days.model_res_partner,False,10,name,__export__.res_users_5_8063b05c,2019-11-15 11:13:28,,,,,
,,,,,,,,,__export__.sgavar_file_var_949_f9a22a48,Numérico,POSCOD,base.field_res_partner_zip, ,2019-11-15 11:13:28,__export__.res_users_5_8063b05c,260,255,0,6,6,partner_reservation_days.model_res_partner,False,11,,__export__.res_users_5_8063b05c,2019-11-15 11:13:28,,,,,
,,,,,,,,,__export__.sgavar_file_var_3400_dbff631e,Related-Alfanumérico,PAISCOD,base.field_res_partner_country_id, ,2019-11-15 11:13:28,__export__.res_users_5_8063b05c,264,261,0,4,4,partner_reservation_days.model_res_partner,False,12,code,__export__.res_users_5_8063b05c,2019-11-15 11:13:28,,,,,
,,,,,,,,,__export__.sgavar_file_var_914_1124088f,Alfanumerico,PERAJU,, ,2019-11-15 11:13:28,__export__.res_users_5_8063b05c,265,265,0,1,1,partner_reservation_days.model_res_partner,False,13,N,__export__.res_users_5_8063b05c,2019-11-15 11:13:28,,,,,
,,,,,,,,,__export__.sgavar_file_var_3374_a3a3b4d5,Alfanumerico,CNTEXPTIP,, ,2019-11-15 11:13:28,__export__.res_users_5_8063b05c,269,266,0,4,4,partner_reservation_days.model_res_partner,False,14,PL,__export__.res_users_5_8063b05c,2019-11-15 11:13:28,,,,,
,,,,,,,,,__export__.sgavar_file_var_726_e291b293,Alfanumerico,NUMTELSMS,base.field_res_partner_mobile, ,2019-11-15 11:13:28,__export__.res_users_5_8063b05c,349,270,0,80,80,partner_reservation_days.model_res_partner,False,15,,__export__.res_users_5_8063b05c,2019-11-15 11:13:28,,,,,
,,,,,,,,,__export__.sgavar_file_var_1092_63266f5d,Alfanumerico,NUMTELFAX,partner_fax.field_res_partner_fax, ,2019-11-15 11:13:28,__export__.res_users_5_8063b05c,429,350,0,80,80,partner_reservation_days.model_res_partner,False,16,,__export__.res_users_5_8063b05c,2019-11-15 11:13:28,,,,,
,,,,,,,,,__export__.sgavar_file_var_3441_8837c355,Alfanumerico,EMAILD,base.field_res_partner_email, ,2019-11-15 11:13:28,__export__.res_users_5_8063b05c,509,430,0,80,80,partner_reservation_days.model_res_partner,False,17,,__export__.res_users_5_8063b05c,2019-11-15 11:13:28,,,,,
,,,,,,,,,__export__.sgavar_file_var_733_93d9c7a4,Alfanumerico,CNTEXPTIPCAJ,, ,2019-11-15 11:13:28,__export__.res_users_5_8063b05c,513,510,0,4,4,partner_reservation_days.model_res_partner,False,18,,__export__.res_users_5_8063b05c,2019-11-15 11:13:28,,,,,
,,,,,,,,,__export__.sgavar_file_var_1058_85304f46,Alfanumerico,POSCODINT,, ,2019-11-15 11:13:28,__export__.res_users_5_8063b05c,521,514,0,8,8,partner_reservation_days.model_res_partner,False,19,,__export__.res_users_5_8063b05c,2019-11-15 11:13:28,,,,,
__export__.sgavar_file_11_9af1e24r,False,431,2019-11-15 10:48:16,__export__.res_users_5_8063b05c,Eliminación de clientes,Contacto,,partner_reservation_days.model_res_partner,__export__.sgavar_file_var_947_3adbe2f9,Alfanumerico,DIR1,base.field_res_partner_street, ,2019-11-15 11:13:28,__export__.res_users_5_8063b05c,134,95,0,40,40,partner_reservation_days.model_res_partner,False,7,,__export__.res_users_5_8063b05c,2019-11-15 11:13:28,,TE0,2,__export__.res_users_5_8063b05c,2019-11-15 11:13:28
,,,,,,,,,__export__.sgavar_file_var_3398_b627e946,Alfanumerico,DIR2,base.field_res_partner_city, ,2019-11-15 11:13:28,__export__.res_users_5_8063b05c,174,135,0,40,40,partner_reservation_days.model_res_partner,False,8,,__export__.res_users_5_8063b05c,2019-11-15 11:13:28,,,,,
,,,,,,,,,__export__.sgavar_file_var_876_710cdf51,Related-Alfanumérico,DIR3,base.field_res_partner_state_id, ,2019-11-15 11:13:28,__export__.res_users_5_8063b05c,214,175,0,40,40,partner_reservation_days.model_res_partner,False,9,name,__export__.res_users_5_8063b05c,2019-11-15 11:13:28,,,,,
,,,,,,,,,__export__.sgavar_file_var_3372_43ad4b07,Related-Alfanumérico,DIR4,base.field_res_partner_country_id, ,2019-11-15 11:13:28,__export__.res_users_5_8063b05c,254,215,0,40,40,partner_reservation_days.model_res_partner,False,10,name,__export__.res_users_5_8063b05c,2019-11-15 11:13:28,,,,,
,,,,,,,,,__export__.sgavar_file_var_985_ce2cb31e,Numérico,POSCOD,base.field_res_partner_zip, ,2019-11-15 11:13:28,__export__.res_users_5_8063b05c,260,255,0,6,6,partner_reservation_days.model_res_partner,False,11,,__export__.res_users_5_8063b05c,2019-11-15 11:13:28,,,,,
,,,,,,,,,__export__.sgavar_file_var_3423_7ceeabb2,Related-Alfanumérico,PAISCOD,base.field_res_partner_country_id, ,2019-11-15 11:13:28,__export__.res_users_5_8063b05c,264,261,0,4,4,partner_reservation_days.model_res_partner,False,12,code,__export__.res_users_5_8063b05c,2019-11-15 11:13:28,,,,,
,,,,,,,,,__export__.sgavar_file_var_950_e6ac939b,Alfanumerico,PERAJU,, ,2019-11-15 11:13:28,__export__.res_users_5_8063b05c,265,265,0,1,1,partner_reservation_days.model_res_partner,False,13,N,__export__.res_users_5_8063b05c,2019-11-15 11:13:28,,,,,
,,,,,,,,,__export__.sgavar_file_var_3389_1fdc598a,Alfanumerico,CNTEXPTIP,, ,2019-11-15 11:13:28,__export__.res_users_5_8063b05c,269,266,0,4,4,partner_reservation_days.model_res_partner,False,14,PL,__export__.res_users_5_8063b05c,2019-11-15 11:13:28,,,,,
,,,,,,,,,__export__.sgavar_file_var_791_615e638d,Alfanumerico,NUMTELSMS,base.field_res_partner_mobile, ,2019-11-15 11:13:28,__export__.res_users_5_8063b05c,349,270,0,80,80,partner_reservation_days.model_res_partner,False,15,,__export__.res_users_5_8063b05c,2019-11-15 11:13:28,,,,,
,,,,,,,,,__export__.sgavar_file_var_1117_434qf8el,Alfanumerico,NUMTELFAX,partner_fax.field_res_partner_fax, ,2019-11-15 11:13:28,__export__.res_users_5_8063b05c,429,350,0,80,80,partner_reservation_days.model_res_partner,False,16,,__export__.res_users_5_8063b05c,2019-11-15 11:13:28,,,,,
,,,,,,,,,__export__.sgavar_file_var_559_69f4b43a,Alfanumerico,EMAILD,base.field_res_partner_email, ,2019-11-15 11:13:28,__export__.res_users_5_8063b05c,509,430,0,80,80,partner_reservation_days.model_res_partner,False,17,,__export__.res_users_5_8063b05c,2019-11-15 11:13:28,,,,,
,,,,,,,,,__export__.sgavar_file_var_792_8af6c1e4,Alfanumerico,CNTEXPTIPCAJ,, ,2019-11-15 11:13:28,__export__.res_users_5_8063b05c,513,510,0,4,4,partner_reservation_days.model_res_partner,False,18,,__export__.res_users_5_8063b05c,2019-11-15 11:13:28,,,,,
,,,,,,,,,__export__.sgavar_file_var_1093_71442b80,Alfanumerico,POSCODINT,, ,2019-11-15 11:13:28,__export__.res_users_5_8063b05c,521,514,0,8,8,partner_reservation_days.model_res_partner,False,19,,__export__.res_users_5_8063b05c,2019-11-15 11:13:28,,,,,
__export__.sgavar_file_12_1s52afw1,False,116,2019-11-15 10:48:16,__export__.res_users_5_8063b05c,Creación Producto,Producto,,stock_available_global.model_product_product,__export__.sgavar_file_var_983_34cb4bd3,Alfanumerico,DIACADMAX,, ,2019-11-15 11:13:28,__export__.res_users_5_8063b05c,92,88,0,5,5,stock_available_global.model_product_product,False,7,,__export__.res_users_5_8063b05c,2019-11-15 11:13:28,,AR0,0,__export__.res_users_5_8063b05c,2019-11-15 11:13:28
,,,,,,,,,__export__.sgavar_file_var_3416_2cadc314,Alfanumerico,DIAMINCADEXP,, ,2019-11-15 11:13:28,__export__.res_users_5_8063b05c,97,93,0,5,5,stock_available_global.model_product_product,False,8,,__export__.res_users_5_8063b05c,2019-11-15 11:13:28,,,,,
,,,,,,,,,__export__.sgavar_file_var_912_3509cdc6,Alfanumerico,LOTREQ,, ,2019-11-15 11:13:28,__export__.res_users_5_8063b05c,98,98,0,1,1,stock_available_global.model_product_product,False,9,,__export__.res_users_5_8063b05c,2019-11-15 11:13:28,,,,,
,,,,,,,,,__export__.sgavar_file_var_3387_13ab006b,Alfanumerico,PESVAR,, ,2019-11-15 11:13:28,__export__.res_users_5_8063b05c,99,99,0,1,1,stock_available_global.model_product_product,False,10,N,__export__.res_users_5_8063b05c,2019-11-15 11:13:28,,,,,
,,,,,,,,,__export__.sgavar_file_var_1002_2bee76a3,Alfanumerico,SINEAN,, ,2019-11-15 11:13:28,__export__.res_users_5_8063b05c,100,100,0,1,1,stock_available_global.model_product_product,False,11,,__export__.res_users_5_8063b05c,2019-11-15 11:13:28,,,,,
,,,,,,,,,__export__.sgavar_file_var_3439_89c22858,Alfanumerico,UNIMIN,, ,2019-11-15 11:13:28,__export__.res_users_5_8063b05c,104,101,0,4,4,stock_available_global.model_product_product,True,12,UD,__export__.res_users_5_8063b05c,2019-11-15 11:13:28,,,,,
,,,,,,,,,__export__.sgavar_file_var_986_62e7c633,Alfanumerico,UNIREC,, ,2019-11-15 11:13:28,__export__.res_users_5_8063b05c,108,105,0,4,4,stock_available_global.model_product_product,True,13,UD,__export__.res_users_5_8063b05c,2019-11-15 11:13:28,,,,,
,,,,,,,,,__export__.sgavar_file_var_3401_52c2fcf1,Alfanumerico,UNIALM,, ,2019-11-15 11:13:28,__export__.res_users_5_8063b05c,112,109,0,4,4,stock_available_global.model_product_product,True,14,UD,__export__.res_users_5_8063b05c,2019-11-15 11:13:28,,,,,
,,,,,,,,,__export__.sgavar_file_var_859_629fb783,Alfanumerico,UNIEXP,, ,2019-11-15 11:13:28,__export__.res_users_5_8063b05c,116,113,0,4,4,stock_available_global.model_product_product,True,15,UD,__export__.res_users_5_8063b05c,2019-11-15 11:13:28,,,,,
,,,,,,,,,__export__.sgavar_file_var_1137_521jgw5i,Alfanumerico,GESSER,, ,2019-11-15 11:13:28,__export__.res_users_5_8063b05c,117,117,0,1,1,stock_available_global.model_product_product,False,16,N,__export__.res_users_5_8063b05c,2019-11-15 11:13:28,,,,,
,,,,,,,,,__export__.sgavar_file_var_574_f0662995,Alfanumerico,TERPROREF,, ,2019-11-15 11:13:28,__export__.res_users_5_8063b05c,133,118,0,16,16,stock_available_global.model_product_product,False,17,,__export__.res_users_5_8063b05c,2019-11-15 11:13:28,,,,,
,,,,,,,,,__export__.sgavar_file_var_860_1a2d4b63,Alfanumerico,SITINI,, ,2019-11-15 11:13:28,__export__.res_users_5_8063b05c,137,134,0,4,4,stock_available_global.model_product_product,False,18,OK,__export__.res_users_5_8063b05c,2019-11-15 11:13:28,,,,,
,,,,,,,,,__export__.sgavar_file_var_1118_57nfkuw8,Alfanumerico,BLOQUEADO,, ,2019-11-15 11:13:28,__export__.res_users_5_8063b05c,138,138,0,1,1,stock_available_global.model_product_product,False,19,N,__export__.res_users_5_8063b05c,2019-11-15 11:13:28,,,,,
,,,,,,,,,__export__.sgavar_file_var_3346_b66c0046,Numérico,NUMDIACALCAD,, ,2019-11-15 11:13:28,__export__.res_users_5_8063b05c,142,139,0,4,4,stock_available_global.model_product_product,False,20,,__export__.res_users_5_8063b05c,2019-11-15 11:13:28,,,,,
,,,,,,,,,__export__.sgavar_file_var_3426_212ba4ec,Numérico,ADMCANMAYPOR,, ,2019-11-15 11:13:28,__export__.res_users_5_8063b05c,145,143,0,3,3,stock_available_global.model_product_product,False,21,,__export__.res_users_5_8063b05c,2019-11-15 11:13:28,,,,,
,,,,,,,,,__export__.sgavar_file_var_607_2ef0be44,Alfanumerico,LOTE,, ,2019-11-15 11:13:28,__export__.res_users_5_8063b05c,165,146,0,20,20,stock_available_global.model_product_product,False,22,,__export__.res_users_5_8063b05c,2019-11-15 11:13:28,,,,,
,,,,,,,,,__export__.sgavar_file_var_756_6361a08c,Alfanumerico,CONCRETO,, ,2019-11-15 11:13:28,__export__.res_users_5_8063b05c,167,166,0,2,2,stock_available_global.model_product_product,False,23,,__export__.res_users_5_8063b05c,2019-11-15 11:13:28,,,,,
,,,,,,,,,__export__.sgavar_file_var_953_5ab6ec8b,Alfanumerico,CNTTIP,, ,2019-11-15 11:13:28,__export__.res_users_5_8063b05c,173,168,0,8,8,stock_available_global.model_product_product,False,24,,__export__.res_users_5_8063b05c,2019-11-15 11:13:28,,,,,
,,,,,,,,,__export__.sgavar_file_var_1154_7xmuec7n,Alfanumerico,LOTREQEXP,, ,2019-11-15 11:13:28,__export__.res_users_5_8063b05c,174,174,0,1,1,stock_available_global.model_product_product,False,25,N,__export__.res_users_5_8063b05c,2019-11-15 11:13:28,,,,,
,,,,,,,,,__export__.sgavar_file_var_3360_cb962bab,Alfanumerico,CRIROTREQEXP,, ,2019-11-15 11:13:28,__export__.res_users_5_8063b05c,175,175,0,1,1,stock_available_global.model_product_product,False,26,N,__export__.res_users_5_8063b05c,2019-11-15 11:13:28,,,,,
,,,,,,,,,__export__.sgavar_file_var_3427_4e2e37da,Alfanumerico,PRIEXPEDI,, ,2019-11-15 11:13:28,__export__.res_users_5_8063b05c,179,176,0,4,4,stock_available_global.model_product_product,False,27,,__export__.res_users_5_8063b05c,2019-11-15 11:13:28,,,,,
,,,,,,,,,__export__.sgavar_file_var_1155_8xp4cqvg,Alfanumerico,GESENV,, ,2019-11-15 11:13:28,__export__.res_users_5_8063b05c,180,180,0,1,1,stock_available_global.model_product_product,False,28,,__export__.res_users_5_8063b05c,2019-11-15 11:13:28,,,,,
,,,,,,,,,__export__.sgavar_file_var_3361_c9f6d8fc,Alfanumerico,SUBTIPART,, ,2019-11-15 11:13:28,__export__.res_users_5_8063b05c,184,181,0,4,4,stock_available_global.model_product_product,False,29,,__export__.res_users_5_8063b05c,2019-11-15 11:13:28,,,,,
,,,,,,,,,__export__.sgavar_file_var_3428_fbc9c3b3,Numérico,TEMRECMIN,, ,2019-11-15 11:13:28,__export__.res_users_5_8063b05c,187,185,0,3,3,stock_available_global.model_product_product,False,30,,__export__.res_users_5_8063b05c,2019-11-15 11:13:28,,,,,
,,,,,,,,,__export__.sgavar_file_var_1156_93ht7dul,Numérico,TEMRECMAX,, ,2019-11-15 11:13:28,__export__.res_users_5_8063b05c,190,188,0,3,3,stock_available_global.model_product_product,False,31,,__export__.res_users_5_8063b05c,2019-11-15 11:13:28,,,,,
,,,,,,,,,__export__.sgavar_file_var_3362_e02fe80f,Numérico,PESINFPOR,, ,2019-11-15 11:13:28,__export__.res_users_5_8063b05c,192,191,0,3,3,stock_available_global.model_product_product,False,32,,__export__.res_users_5_8063b05c,2019-11-15 11:13:28,,,,,
,,,,,,,,,__export__.sgavar_file_var_3429_984da89c,Numérico,PRESSUPPOR,, ,2019-11-15 11:13:28,__export__.res_users_5_8063b05c,195,193,0,3,3,stock_available_global.model_product_product,False,33,,__export__.res_users_5_8063b05c,2019-11-15 11:13:28,,,,,
,,,,,,,,,__export__.sgavar_file_var_1157_10f3t9zw,Alfanumerico,REPREC,, ,2019-11-15 11:13:28,__export__.res_users_5_8063b05c,199,196,0,4,4,stock_available_global.model_product_product,False,34,,__export__.res_users_5_8063b05c,2019-11-15 11:13:28,,,,,
,,,,,,,,,__export__.sgavar_file_var_3363_8b103238,Alfanumerico,ABCLOG,, ,2019-11-15 11:13:28,__export__.res_users_5_8063b05c,200,200,0,1,1,stock_available_global.model_product_product,False,35,C,__export__.res_users_5_8063b05c,2019-11-15 11:13:28,,,,,
__export__.sgavar_file_13_sa3w1was,False,116,2019-11-15 10:48:16,__export__.res_users_5_8063b05c,Modificación Producto,Producto,,stock_available_global.model_product_product,__export__.sgavar_file_var_1000_1df4c78d,Alfanumerico,DIACADMAX,, ,2019-11-15 11:13:28,__export__.res_users_5_8063b05c,92,88,0,5,5,stock_available_global.model_product_product,False,7,,__export__.res_users_5_8063b05c,2019-11-15 11:13:28,,AR0,1,__export__.res_users_5_8063b05c,2019-11-15 11:13:28
,,,,,,,,,__export__.sgavar_file_var_3417_581927e3,Alfanumerico,DIAMINCADEXP,, ,2019-11-15 11:13:28,__export__.res_users_5_8063b05c,97,93,0,5,5,stock_available_global.model_product_product,False,8,,__export__.res_users_5_8063b05c,2019-11-15 11:13:28,,,,,
,,,,,,,,,__export__.sgavar_file_var_948_121e7e7b,Alfanumerico,LOTREQ,, ,2019-11-15 11:13:28,__export__.res_users_5_8063b05c,98,98,0,1,1,stock_available_global.model_product_product,False,9,,__export__.res_users_5_8063b05c,2019-11-15 11:13:28,,,,,
,,,,,,,,,__export__.sgavar_file_var_3399_232bbcbc,Alfanumerico,PESVAR,, ,2019-11-15 11:13:28,__export__.res_users_5_8063b05c,99,99,0,1,1,stock_available_global.model_product_product,False,10,N,__export__.res_users_5_8063b05c,2019-11-15 11:13:28,,,,,
,,,,,,,,,__export__.sgavar_file_var_1019_07e9e54f,Alfanumerico,SINEAN,, ,2019-11-15 11:13:28,__export__.res_users_5_8063b05c,100,100,0,1,1,stock_available_global.model_product_product,False,11,,__export__.res_users_5_8063b05c,2019-11-15 11:13:28,,,,,
,,,,,,,,,__export__.sgavar_file_var_557_8b6b0e20,Alfanumerico,UNIMIN,, ,2019-11-15 11:13:28,__export__.res_users_5_8063b05c,104,101,0,4,4,stock_available_global.model_product_product,True,12,UD,__export__.res_users_5_8063b05c,2019-11-15 11:13:28,,,,,
,,,,,,,,,__export__.sgavar_file_var_1003_afe08033,Alfanumerico,UNIREC,, ,2019-11-15 11:13:28,__export__.res_users_5_8063b05c,108,105,0,4,4,stock_available_global.model_product_product,True,13,UD,__export__.res_users_5_8063b05c,2019-11-15 11:13:28,,,,,
,,,,,,,,,__export__.sgavar_file_var_3424_2232cb07,Alfanumerico,UNIALM,, ,2019-11-15 11:13:28,__export__.res_users_5_8063b05c,112,109,0,4,4,stock_available_global.model_product_product,True,14,UD,__export__.res_users_5_8063b05c,2019-11-15 11:13:28,,,,,
,,,,,,,,,__export__.sgavar_file_var_879_3d494ae3,Alfanumerico,UNIEXP,, ,2019-11-15 11:13:28,__export__.res_users_5_8063b05c,116,113,0,4,4,stock_available_global.model_product_product,True,15,UD,__export__.res_users_5_8063b05c,2019-11-15 11:13:28,,,,,
,,,,,,,,,__export__.sgavar_file_var_1152_5cbv6khd,Alfanumerico,GESSER,, ,2019-11-15 11:13:28,__export__.res_users_5_8063b05c,117,117,0,1,1,stock_available_global.model_product_product,False,16,N,__export__.res_users_5_8063b05c,2019-11-15 11:13:28,,,,,
,,,,,,,,,__export__.sgavar_file_var_586_2607cc8c,Alfanumerico,TERPROREF,, ,2019-11-15 11:13:28,__export__.res_users_5_8063b05c,133,118,0,16,16,stock_available_global.model_product_product,False,17,,__export__.res_users_5_8063b05c,2019-11-15 11:13:28,,,,,
,,,,,,,,,__export__.sgavar_file_var_880_f70f0366,Alfanumerico,SITINI,, ,2019-11-15 11:13:28,__export__.res_users_5_8063b05c,137,134,0,4,4,stock_available_global.model_product_product,False,18,OK,__export__.res_users_5_8063b05c,2019-11-15 11:13:28,,,,,
,,,,,,,,,__export__.sgavar_file_var_1138_65tlv05j,Alfanumerico,BLOQUEADO,, ,2019-11-15 11:13:28,__export__.res_users_5_8063b05c,138,138,0,1,1,stock_available_global.model_product_product,False,19,N,__export__.res_users_5_8063b05c,2019-11-15 11:13:28,,,,,
,,,,,,,,,__export__.sgavar_file_var_3359_7973218a,Numérico,NUMDIACALCAD,, ,2019-11-15 11:13:28,__export__.res_users_5_8063b05c,142,139,0,4,4,stock_available_global.model_product_product,False,20,,__export__.res_users_5_8063b05c,2019-11-15 11:13:28,,,,,
,,,,,,,,,__export__.sgavar_file_var_3442_d2ef9532,Numérico,ADMCANMAYPOR,, ,2019-11-15 11:13:28,__export__.res_users_5_8063b05c,145,143,0,3,3,stock_available_global.model_product_product,False,21,,__export__.res_users_5_8063b05c,2019-11-15 11:13:28,,,,,
,,,,,,,,,__export__.sgavar_file_var_622_d67291e6,Alfanumerico,LOTE,, ,2019-11-15 11:13:28,__export__.res_users_5_8063b05c,165,146,0,20,20,stock_available_global.model_product_product,False,22,,__export__.res_users_5_8063b05c,2019-11-15 11:13:28,,,,,
,,,,,,,,,__export__.sgavar_file_var_838_ee7c5c1a,Alfanumerico,CONCRETO,, ,2019-11-15 11:13:28,__export__.res_users_5_8063b05c,167,166,0,2,2,stock_available_global.model_product_product,False,23,,__export__.res_users_5_8063b05c,2019-11-15 11:13:28,,,,,
,,,,,,,,,__export__.sgavar_file_var_989_bf2f2606,Alfanumerico,CNTTIP,, ,2019-11-15 11:13:28,__export__.res_users_5_8063b05c,173,168,0,8,8,stock_available_global.model_product_product,False,24,,__export__.res_users_5_8063b05c,2019-11-15 11:13:28,,,,,
,,,,,,,,,__export__.sgavar_file_var_1170_7cgs51fc,Alfanumerico,LOTREQEXP,, ,2019-11-15 11:13:28,__export__.res_users_5_8063b05c,174,174,0,1,1,stock_available_global.model_product_product,False,25,N,__export__.res_users_5_8063b05c,2019-11-15 11:13:28,,,,,
,,,,,,,,,__export__.sgavar_file_var_3377_78f0bbab,Alfanumerico,CRIROTREQEXP,, ,2019-11-15 11:13:28,__export__.res_users_5_8063b05c,175,175,0,1,1,stock_available_global.model_product_product,False,26,N,__export__.res_users_5_8063b05c,2019-11-15 11:13:28,,,,,
,,,,,,,,,__export__.sgavar_file_var_3443_0389734a,Alfanumerico,PRIEXPEDI,, ,2019-11-15 11:13:28,__export__.res_users_5_8063b05c,179,176,0,4,4,stock_available_global.model_product_product,False,27,,__export__.res_users_5_8063b05c,2019-11-15 11:13:28,,,,,
,,,,,,,,,__export__.sgavar_file_var_1171_8hvtvcvu,Alfanumerico,GESENV,, ,2019-11-15 11:13:28,__export__.res_users_5_8063b05c,180,180,0,1,1,stock_available_global.model_product_product,False,28,,__export__.res_users_5_8063b05c,2019-11-15 11:13:28,,,,,
,,,,,,,,,__export__.sgavar_file_var_3378_22dd35ec,Alfanumerico,SUBTIPART,, ,2019-11-15 11:13:28,__export__.res_users_5_8063b05c,184,181,0,4,4,stock_available_global.model_product_product,False,29,,__export__.res_users_5_8063b05c,2019-11-15 11:13:28,,,,,
,,,,,,,,,__export__.sgavar_file_var_3444_ef183857,Numérico,TEMRECMIN,, ,2019-11-15 11:13:28,__export__.res_users_5_8063b05c,187,185,0,3,3,stock_available_global.model_product_product,False,30,,__export__.res_users_5_8063b05c,2019-11-15 11:13:28,,,,,
,,,,,,,,,__export__.sgavar_file_var_1172_92hg62sl,Numérico,TEMRECMAX,, ,2019-11-15 11:13:28,__export__.res_users_5_8063b05c,190,188,0,3,3,stock_available_global.model_product_product,False,31,,__export__.res_users_5_8063b05c,2019-11-15 11:13:28,,,,,
,,,,,,,,,__export__.sgavar_file_var_3379_b33ea5ee,Numérico,PESINFPOR,, ,2019-11-15 11:13:28,__export__.res_users_5_8063b05c,192,191,0,3,3,stock_available_global.model_product_product,False,32,,__export__.res_users_5_8063b05c,2019-11-15 11:13:28,,,,,
,,,,,,,,,__export__.sgavar_file_var_3445_2340e268,Numérico,PRESSUPPOR,, ,2019-11-15 11:13:28,__export__.res_users_5_8063b05c,195,193,0,3,3,stock_available_global.model_product_product,False,33,,__export__.res_users_5_8063b05c,2019-11-15 11:13:28,,,,,
,,,,,,,,,__export__.sgavar_file_var_1173_10pwb3kks,Alfanumerico,REPREC,, ,2019-11-15 11:13:28,__export__.res_users_5_8063b05c,199,196,0,4,4,stock_available_global.model_product_product,False,34,,__export__.res_users_5_8063b05c,2019-11-15 11:13:28,,,,,
,,,,,,,,,__export__.sgavar_file_var_3380_67be1fc6,Alfanumerico,ABCLOG,, ,2019-11-15 11:13:28,__export__.res_users_5_8063b05c,200,200,0,1,1,stock_available_global.model_product_product,False,35,C,__export__.res_users_5_8063b05c,2019-11-15 11:13:28,,,,,
__export__.sgavar_file_14_a2s4fe9s,False,116,2019-11-15 10:48:16,__export__.res_users_5_8063b05c,Eliminación Producto,Producto,,stock_available_global.model_product_product,__export__.sgavar_file_var_1017_72d5ffc6,Alfanumerico,DIACADMAX,, ,2019-11-15 11:13:28,__export__.res_users_5_8063b05c,92,88,0,5,5,stock_available_global.model_product_product,False,7,,__export__.res_users_5_8063b05c,2019-11-15 11:13:28,,AR0,2,__export__.res_users_5_8063b05c,2019-11-15 11:13:28
,,,,,,,,,__export__.sgavar_file_var_3418_63be9c4e,Alfanumerico,DIAMINCADEXP,, ,2019-11-15 11:13:28,__export__.res_users_5_8063b05c,97,93,0,5,5,stock_available_global.model_product_product,False,8,,__export__.res_users_5_8063b05c,2019-11-15 11:13:28,,,,,
,,,,,,,,,__export__.sgavar_file_var_984_95430c35,Alfanumerico,LOTREQ,, ,2019-11-15 11:13:28,__export__.res_users_5_8063b05c,98,98,0,1,1,stock_available_global.model_product_product,False,9,,__export__.res_users_5_8063b05c,2019-11-15 11:13:28,,,,,
,,,,,,,,,__export__.sgavar_file_var_3422_80c72346,Alfanumerico,PESVAR,, ,2019-11-15 11:13:28,__export__.res_users_5_8063b05c,99,99,0,1,1,stock_available_global.model_product_product,False,10,N,__export__.res_users_5_8063b05c,2019-11-15 11:13:28,,,,,
,,,,,,,,,__export__.sgavar_file_var_1036_b8ecf993,Alfanumerico,SINEAN,, ,2019-11-15 11:13:28,__export__.res_users_5_8063b05c,100,100,0,1,1,stock_available_global.model_product_product,False,11,,__export__.res_users_5_8063b05c,2019-11-15 11:13:28,,,,,
,,,,,,,,,__export__.sgavar_file_var_572_325b52ce,Alfanumerico,UNIMIN,, ,2019-11-15 11:13:28,__export__.res_users_5_8063b05c,104,101,0,4,4,stock_available_global.model_product_product,True,12,UD,__export__.res_users_5_8063b05c,2019-11-15 11:13:28,,,,,
,,,,,,,,,__export__.sgavar_file_var_1020_6562eb74,Alfanumerico,UNIREC,, ,2019-11-15 11:13:28,__export__.res_users_5_8063b05c,108,105,0,4,4,stock_available_global.model_product_product,True,13,UD,__export__.res_users_5_8063b05c,2019-11-15 11:13:28,,,,,
,,,,,,,,,__export__.sgavar_file_var_3440_e9e0911d,Alfanumerico,UNIALM,, ,2019-11-15 11:13:28,__export__.res_users_5_8063b05c,112,109,0,4,4,stock_available_global.model_product_product,True,14,UD,__export__.res_users_5_8063b05c,2019-11-15 11:13:28,,,,,
,,,,,,,,,__export__.sgavar_file_var_915_b73d3e29,Alfanumerico,UNIEXP,, ,2019-11-15 11:13:28,__export__.res_users_5_8063b05c,116,113,0,4,4,stock_available_global.model_product_product,True,15,UD,__export__.res_users_5_8063b05c,2019-11-15 11:13:28,,,,,
,,,,,,,,,__export__.sgavar_file_var_1168_56k5f0po,Alfanumerico,GESSER,, ,2019-11-15 11:13:28,__export__.res_users_5_8063b05c,117,117,0,1,1,stock_available_global.model_product_product,False,16,N,__export__.res_users_5_8063b05c,2019-11-15 11:13:28,,,,,
,,,,,,,,,__export__.sgavar_file_var_606_cf1f2606,Alfanumerico,TERPROREF,, ,2019-11-15 11:13:28,__export__.res_users_5_8063b05c,133,118,0,16,16,stock_available_global.model_product_product,False,17,,__export__.res_users_5_8063b05c,2019-11-15 11:13:28,,,,,
,,,,,,,,,__export__.sgavar_file_var_916_c03cf278,Alfanumerico,SITINI,, ,2019-11-15 11:13:28,__export__.res_users_5_8063b05c,137,134,0,4,4,stock_available_global.model_product_product,False,18,OK,__export__.res_users_5_8063b05c,2019-11-15 11:13:28,,,,,
,,,,,,,,,__export__.sgavar_file_var_1153_6vzzqufi,Alfanumerico,BLOQUEADO,, ,2019-11-15 11:13:28,__export__.res_users_5_8063b05c,138,138,0,1,1,stock_available_global.model_product_product,False,19,N,__export__.res_users_5_8063b05c,2019-11-15 11:13:28,,,,,
,,,,,,,,,__export__.sgavar_file_var_3376_9b25b4d5,Numérico,NUMDIACALCAD,, ,2019-11-15 11:13:28,__export__.res_users_5_8063b05c,142,139,0,4,4,stock_available_global.model_product_product,False,20,,__export__.res_users_5_8063b05c,2019-11-15 11:13:28,,,,,
,,,,,,,,,__export__.sgavar_file_var_560_a053110a,Numérico,ADMCANMAYPOR,, ,2019-11-15 11:13:28,__export__.res_users_5_8063b05c,145,143,0,3,3,stock_available_global.model_product_product,False,21,,__export__.res_users_5_8063b05c,2019-11-15 11:13:28,,,,,
,,,,,,,,,__export__.sgavar_file_var_638_0a6d3159,Alfanumerico,LOTE,, ,2019-11-15 11:13:28,__export__.res_users_5_8063b05c,165,146,0,20,20,stock_available_global.model_product_product,False,22,,__export__.res_users_5_8063b05c,2019-11-15 11:13:28,,,,,
,,,,,,,,,__export__.sgavar_file_var_861_565452d9,Alfanumerico,CONCRETO,, ,2019-11-15 11:13:28,__export__.res_users_5_8063b05c,167,166,0,2,2,stock_available_global.model_product_product,False,23,,__export__.res_users_5_8063b05c,2019-11-15 11:13:28,,,,,
,,,,,,,,,__export__.sgavar_file_var_1119_6bh0yvq9,Alfanumerico,CNTTIP,, ,2019-11-15 11:13:28,__export__.res_users_5_8063b05c,173,168,0,8,8,stock_available_global.model_product_product,False,24,,__export__.res_users_5_8063b05c,2019-11-15 11:13:28,,,,,
,,,,,,,,,__export__.sgavar_file_var_3332_53017da7,Alfanumerico,LOTREQEXP,, ,2019-11-15 11:13:28,__export__.res_users_5_8063b05c,174,174,0,1,1,stock_available_global.model_product_product,False,25,N,__export__.res_users_5_8063b05c,2019-11-15 11:13:28,,,,,
,,,,,,,,,__export__.sgavar_file_var_3392_59d3cb7a,Alfanumerico,CRIROTREQEXP,, ,2019-11-15 11:13:28,__export__.res_users_5_8063b05c,175,175,0,1,1,stock_available_global.model_product_product,False,26,N,__export__.res_users_5_8063b05c,2019-11-15 11:13:28,,,,,
,,,,,,,,,__export__.sgavar_file_var_1120_75eb4401,Alfanumerico,PRIEXPEDI,, ,2019-11-15 11:13:28,__export__.res_users_5_8063b05c,179,176,0,4,4,stock_available_global.model_product_product,False,27,,__export__.res_users_5_8063b05c,2019-11-15 11:13:28,,,,,
,,,,,,,,,__export__.sgavar_file_var_3333_ef4c8483,Alfanumerico,GESENV,, ,2019-11-15 11:13:28,__export__.res_users_5_8063b05c,180,180,0,1,1,stock_available_global.model_product_product,False,28,,__export__.res_users_5_8063b05c,2019-11-15 11:13:28,,,,,
,,,,,,,,,__export__.sgavar_file_var_3393_b1934acc,Alfanumerico,SUBTIPART,, ,2019-11-15 11:13:28,__export__.res_users_5_8063b05c,184,181,0,4,4,stock_available_global.model_product_product,False,29,,__export__.res_users_5_8063b05c,2019-11-15 11:13:28,,,,,
,,,,,,,,,__export__.sgavar_file_var_1121_8f2kvuy0,Numérico,TEMRECMIN,, ,2019-11-15 11:13:28,__export__.res_users_5_8063b05c,187,185,0,3,3,stock_available_global.model_product_product,False,30,,__export__.res_users_5_8063b05c,2019-11-15 11:13:28,,,,,
,,,,,,,,,__export__.sgavar_file_var_3334_0545ef3b,Numérico,TEMRECMAX,, ,2019-11-15 11:13:28,__export__.res_users_5_8063b05c,190,188,0,3,3,stock_available_global.model_product_product,False,31,,__export__.res_users_5_8063b05c,2019-11-15 11:13:28,,,,,
,,,,,,,,,__export__.sgavar_file_var_3394_4cc8f3f9,Numérico,PESINFPOR,, ,2019-11-15 11:13:28,__export__.res_users_5_8063b05c,192,191,0,3,3,stock_available_global.model_product_product,False,32,,__export__.res_users_5_8063b05c,2019-11-15 11:13:28,,,,,
,,,,,,,,,__export__.sgavar_file_var_1122_94wwn2wy,Numérico,PRESSUPPOR,, ,2019-11-15 11:13:28,__export__.res_users_5_8063b05c,195,193,0,3,3,stock_available_global.model_product_product,False,33,,__export__.res_users_5_8063b05c,2019-11-15 11:13:28,,,,,
,,,,,,,,,__export__.sgavar_file_var_3335_7450f5ed,Alfanumerico,REPREC,, ,2019-11-15 11:13:28,__export__.res_users_5_8063b05c,199,196,0,4,4,stock_available_global.model_product_product,False,34,,__export__.res_users_5_8063b05c,2019-11-15 11:13:28,,,,,
,,,,,,,,,__export__.sgavar_file_var_3395_fdb355e2,Alfanumerico,ABCLOG,, ,2019-11-15 11:13:28,__export__.res_users_5_8063b05c,200,200,0,1,1,stock_available_global.model_product_product,False,35,C,__export__.res_users_5_8063b05c,2019-11-15 11:13:28,,,,,
__export__.sgavar_file_15_9s52a8w1,False,89,2019-11-15 10:48:16,__export__.res_users_5_8063b05c,Creación plantilla,Plantilla de producto,,stock_available_global.model_product_template,__export__.sgavar_file_var_1034_5efef933,Numérico,MEDALT,, ,2019-11-15 11:13:28,__export__.res_users_5_8063b05c,60,53,3,6,9,stock_available_global.model_product_template,False,7,,__export__.res_users_5_8063b05c,2019-11-15 11:13:28,,PRT,0,__export__.res_users_5_8063b05c,2019-11-15 11:13:28
,,,,,,,,,__export__.sgavar_file_var_3419_806c7d04,Numérico,MEDANC,, ,2019-11-15 11:13:28,__export__.res_users_5_8063b05c,69,61,3,6,9,stock_available_global.model_product_template,False,8,,__export__.res_users_5_8063b05c,2019-11-15 11:13:28,,,,,
,,,,,,,,,__export__.sgavar_file_var_1001_78e1a58c,Numérico,PESUNI,, ,2019-11-15 11:13:28,__export__.res_users_5_8063b05c,77,70,3,5,8,stock_available_global.model_product_template,False,9,,__export__.res_users_5_8063b05c,2019-11-15 11:13:28,,,,,
,,,,,,,,,__export__.sgavar_file_var_3438_cfcfaba0,Numérico,PESINF,, ,2019-11-15 11:13:28,__export__.res_users_5_8063b05c,85,78,3,5,8,stock_available_global.model_product_template,False,10,,__export__.res_users_5_8063b05c,2019-11-15 11:13:28,,,,,
,,,,,,,,,__export__.sgavar_file_var_1041_8e44a668,Numérico,PESSUP,, ,2019-11-15 11:13:28,__export__.res_users_5_8063b05c,93,86,3,5,8,stock_available_global.model_product_template,False,11,,__export__.res_users_5_8063b05c,2019-11-15 11:13:28,,,,,
,,,,,,,,,__export__.sgavar_file_var_584_7b43f07a,Numérico,UNIPAL,, ,2019-11-15 11:13:28,__export__.res_users_5_8063b05c,102,94,0,9,9,stock_available_global.model_product_template,False,12,9000,__export__.res_users_5_8063b05c,2019-11-15 11:13:28,,,,,
,,,,,,,,,__export__.sgavar_file_var_1037_b7590338,Numérico,BASE,, ,2019-11-15 11:13:28,__export__.res_users_5_8063b05c,107,103,0,5,5,stock_available_global.model_product_template,False,13,2250,__export__.res_users_5_8063b05c,2019-11-15 11:13:28,,,,,
,,,,,,,,,__export__.sgavar_file_var_558_5c5846d0,Numérico,ALTURA,, ,2019-11-15 11:13:28,__export__.res_users_5_8063b05c,112,108,0,5,5,stock_available_global.model_product_template,False,14,4,__export__.res_users_5_8063b05c,2019-11-15 11:13:28,,,,,
,,,,,,,,,__export__.sgavar_file_var_951_9218bba9,Numérico,PESTAR,, ,2019-11-15 11:13:28,__export__.res_users_5_8063b05c,121,113,3,6,9,stock_available_global.model_product_template,False,15,,__export__.res_users_5_8063b05c,2019-11-15 11:13:28,,,,,
,,,,,,,,,__export__.sgavar_file_var_3330_0d92124a,Alfanumerico,UNIANI,, ,2019-11-15 11:13:28,__export__.res_users_5_8063b05c,122,122,0,1,1,stock_available_global.model_product_template,False,16,N,__export__.res_users_5_8063b05c,2019-11-15 11:13:28,,,,,
__export__.sgavar_file_16_2ba3dd3b,False,89,2019-11-15 10:48:16,__export__.res_users_5_8063b05c,Modificación Plantilla,Plantilla de producto,,stock_available_global.model_product_template,__export__.sgavar_file_var_3370_e483b6bf,Numérico,MEDLAR,,,2019-11-15 11:13:28,__export__.res_users_5_8063b05c,52,44,3,6,9,stock_available_global.model_product_template,False,6,,__export__.res_users_5_8063b05c,2019-11-15 11:13:28,,PRT,1,__export__.res_users_5_8063b05c,2019-11-15 11:13:28
,,,,,,,,,__export__.sgavar_file_var_1039_a0289af0,Numérico,MEDALT,,,2019-11-15 11:13:28,__export__.res_users_5_8063b05c,60,53,3,6,9,stock_available_global.model_product_template,False,7,,__export__.res_users_5_8063b05c,2019-11-15 11:13:28,,,,,
,,,,,,,,,__export__.sgavar_file_var_3420_3f65d6e6,Numérico,MEDANC,,,2019-11-15 11:13:28,__export__.res_users_5_8063b05c,69,61,3,6,9,stock_available_global.model_product_template,False,8,,__export__.res_users_5_8063b05c,2019-11-15 11:13:28,,,,,
,,,,,,,,,__export__.sgavar_file_var_1018_d0a42366,Numérico,PESUNI,,,2019-11-15 11:13:28,__export__.res_users_5_8063b05c,77,70,3,5,8,stock_available_global.model_product_template,False,9,,__export__.res_users_5_8063b05c,2019-11-15 11:13:28,,,,,
,,,,,,,,,__export__.sgavar_file_var_556_73903ca4,Numérico,PESINF,,,2019-11-15 11:13:28,__export__.res_users_5_8063b05c,85,78,3,5,8,stock_available_global.model_product_template,False,10,,__export__.res_users_5_8063b05c,2019-11-15 11:13:28,,,,,
,,,,,,,,,__export__.sgavar_file_var_1046_f90fc93d,Numérico,PESSUP,,,2019-11-15 11:13:28,__export__.res_users_5_8063b05c,93,86,3,5,8,stock_available_global.model_product_template,False,11,,__export__.res_users_5_8063b05c,2019-11-15 11:13:28,,,,,
,,,,,,,,,__export__.sgavar_file_var_604_565bdd97,Numérico,UNIPAL,,,2019-11-15 11:13:28,__export__.res_users_5_8063b05c,102,94,0,9,9,stock_available_global.model_product_template,False,12,9000,__export__.res_users_5_8063b05c,2019-11-15 11:13:28,,,,,
,,,,,,,,,__export__.sgavar_file_var_1042_d93aed58,Numérico,BASE,,,2019-11-15 11:13:28,__export__.res_users_5_8063b05c,107,103,0,5,5,stock_available_global.model_product_template,False,13,2250,__export__.res_users_5_8063b05c,2019-11-15 11:13:28,,,,,
,,,,,,,,,__export__.sgavar_file_var_573_b547d03a,Numérico,ALTURA,,,2019-11-15 11:13:28,__export__.res_users_5_8063b05c,112,108,0,5,5,stock_available_global.model_product_template,False,14,4,__export__.res_users_5_8063b05c,2019-11-15 11:13:28,,,,,
,,,,,,,,,__export__.sgavar_file_var_987_a4618ea6,Numérico,PESTAR,,,2019-11-15 11:13:28,__export__.res_users_5_8063b05c,121,113,3,6,9,stock_available_global.model_product_template,False,15,,__export__.res_users_5_8063b05c,2019-11-15 11:13:28,,,,,
,,,,,,,,,__export__.sgavar_file_var_3345_c06ff632,Alfanumerico,UNIANI,,,2019-11-15 11:13:28,__export__.res_users_5_8063b05c,122,122,0,1,1,stock_available_global.model_product_template,False,16,N,__export__.res_users_5_8063b05c,2019-11-15 11:13:28,,,,,
__export__.sgavar_file_17_b0653669,False,89,2019-11-15 10:48:16,__export__.res_users_5_8063b05c,Eliminación Plantilla,Plantilla de producto,,stock_available_global.model_product_template,__export__.sgavar_file_var_3385_41a7ca62,Numérico,MEDLAR,,,2019-11-15 11:13:28,__export__.res_users_5_8063b05c,52,44,3,6,9,stock_available_global.model_product_template,False,6,,__export__.res_users_5_8063b05c,2019-11-15 11:13:28,,PRT,2,__export__.res_users_5_8063b05c,2019-11-15 11:13:28
,,,,,,,,,__export__.sgavar_file_var_1044_edda8d17,Numérico,MEDALT,,,2019-11-15 11:13:28,__export__.res_users_5_8063b05c,60,53,3,6,9,stock_available_global.model_product_template,False,7,,__export__.res_users_5_8063b05c,2019-11-15 11:13:28,,,,,
,,,,,,,,,__export__.sgavar_file_var_3421_4f3b0f5d,Numérico,MEDANC,,,2019-11-15 11:13:28,__export__.res_users_5_8063b05c,69,61,3,6,9,stock_available_global.model_product_template,False,8,,__export__.res_users_5_8063b05c,2019-11-15 11:13:28,,,,,
,,,,,,,,,__export__.sgavar_file_var_1038_4d493e86,Numérico,PESUNI,,,2019-11-15 11:13:28,__export__.res_users_5_8063b05c,77,70,3,5,8,stock_available_global.model_product_template,False,9,,__export__.res_users_5_8063b05c,2019-11-15 11:13:28,,,,,
,,,,,,,,,__export__.sgavar_file_var_571_e75f5986,Numérico,PESINF,,,2019-11-15 11:13:28,__export__.res_users_5_8063b05c,85,78,3,5,8,stock_available_global.model_product_template,False,10,,__export__.res_users_5_8063b05c,2019-11-15 11:13:28,,,,,
,,,,,,,,,__export__.sgavar_file_var_1049_5a3f4dde,Numérico,PESSUP,,,2019-11-15 11:13:28,__export__.res_users_5_8063b05c,93,86,3,5,8,stock_available_global.model_product_template,False,11,,__export__.res_users_5_8063b05c,2019-11-15 11:13:28,,,,,
,,,,,,,,,__export__.sgavar_file_var_619_1a49ce0f,Numérico,UNIPAL,,,2019-11-15 11:13:28,__export__.res_users_5_8063b05c,102,94,0,9,9,stock_available_global.model_product_template,False,12,9000,__export__.res_users_5_8063b05c,2019-11-15 11:13:28,,,,,
,,,,,,,,,__export__.sgavar_file_var_1047_ad28071e,Numérico,BASE,,,2019-11-15 11:13:28,__export__.res_users_5_8063b05c,107,103,0,5,5,stock_available_global.model_product_template,False,13,2250,__export__.res_users_5_8063b05c,2019-11-15 11:13:28,,,,,
,,,,,,,,,__export__.sgavar_file_var_585_3401c89c,Numérico,ALTURA,,,2019-11-15 11:13:28,__export__.res_users_5_8063b05c,112,108,0,5,5,stock_available_global.model_product_template,False,14,4,__export__.res_users_5_8063b05c,2019-11-15 11:13:28,,,,,
,,,,,,,,,__export__.sgavar_file_var_1004_cf9112ae,Numérico,PESTAR,,,2019-11-15 11:13:28,__export__.res_users_5_8063b05c,121,113,3,6,9,stock_available_global.model_product_template,False,15,,__export__.res_users_5_8063b05c,2019-11-15 11:13:28,,,,,
,,,,,,,,,__export__.sgavar_file_var_3358_0bcc4fa6,Alfanumerico,UNIANI,,,2019-11-15 11:13:28,__export__.res_users_5_8063b05c,122,122,0,1,1,stock_available_global.model_product_template,False,16,N,__export__.res_users_5_8063b05c,2019-11-15 11:13:28,,,,,
__export__.sgavar_file_18_3356a2ac,False,40,2019-11-15 10:48:16,__export__.res_users_5_8063b05c,Nuevo barcode,Producto,,stock_available_global.model_product_product,,,,,,,,,,,,,,,,,,,,TRA,0,__export__.res_users_5_8063b05c,2019-11-15 11:13:28
__export__.sgavar_file_19_0d32276a,False,40,2019-11-15 10:48:16,__export__.res_users_5_8063b05c,Modificar barcode,Producto,,stock_available_global.model_product_product,,,,,,,,,,,,,,,,,,,,TRA,1,__export__.res_users_5_8063b05c,2019-11-15 11:13:28
__export__.sgavar_file_20_acf18ac9,False,40,2019-11-15 10:48:16,__export__.res_users_5_8063b05c,Eliminar barcode,Producto,,stock_available_global.model_product_product,,,,,,,,,,,,,,,,,,,,TRA,2,__export__.res_users_5_8063b05c,2019-11-15 11:13:28
__export__.sgavar_file_21_446dd168,False,206,2019-11-15 10:48:16,__export__.res_users_5_8063b05c,Stock del producto en ubicación,Quants,,stock_move_reassign_availability.model_stock_quant,__export__.sgavar_file_var_1_e9e693de,Alfanumerico,ZONPICREF,, ,2019-11-15 11:13:28,__export__.res_users_5_8063b05c,48,45,0,4,4,stock_move_reassign_availability.model_stock_quant,False,6,,__export__.res_users_5_8063b05c,2019-11-15 11:13:28,,TUB,0,__export__.res_users_5_8063b05c,2019-11-15 11:13:28
,,,,,,,,,__export__.sgavar_file_var_1051_e616de67,Alfanumerico,UBIPICDIN,, ,2019-11-15 11:13:28,__export__.res_users_5_8063b05c,49,49,0,1,1,stock_move_reassign_availability.model_stock_quant,True,7,N,__export__.res_users_5_8063b05c,2019-11-15 11:13:28,,,,,
,,,,,,,,,__export__.sgavar_file_var_3437_5b38b2ff,Alfanumerico,UBIPIC,, ,2019-11-15 11:13:28,__export__.res_users_5_8063b05c,65,50,0,16,16,stock_move_reassign_availability.model_stock_quant,False,8,,__export__.res_users_5_8063b05c,2019-11-15 11:13:28,,,,,
,,,,,,,,,__export__.sgavar_file_var_1040_51e7b758,Alfanumerico,DIMCOD,, ,2019-11-15 11:13:28,__export__.res_users_5_8063b05c,69,66,0,4,4,stock_move_reassign_availability.model_stock_quant,False,9,,__export__.res_users_5_8063b05c,2019-11-15 11:13:28,,,,,
,,,,,,,,,__export__.sgavar_file_var_583_5ff88451,Numérico,ALTMIN,, ,2019-11-15 11:13:28,__export__.res_users_5_8063b05c,74,70,0,5,5,stock_move_reassign_availability.model_stock_quant,False,10,1,__export__.res_users_5_8063b05c,2019-11-15 11:13:28,,,,,
,,,,,,,,,__export__.sgavar_file_var_1090_fb96c86f,Numérico,ALTMAX,, ,2019-11-15 11:13:28,__export__.res_users_5_8063b05c,79,75,0,5,5,stock_move_reassign_availability.model_stock_quant,False,11,9,__export__.res_users_5_8063b05c,2019-11-15 11:13:28,,,,,
,,,,,,,,,__export__.sgavar_file_var_635_9b906b1b,Alfanumerico,ALMRESTOS,, ,2019-11-15 11:13:28,__export__.res_users_5_8063b05c,80,80,0,1,1,stock_move_reassign_availability.model_stock_quant,False,12,S,__export__.res_users_5_8063b05c,2019-11-15 11:13:28,,,,,
,,,,,,,,,__export__.sgavar_file_var_1052_1c366f40,Numérico,MARGENROT,, ,2019-11-15 11:13:28,__export__.res_users_5_8063b05c,89,81,0,9,9,stock_move_reassign_availability.model_stock_quant,False,13,,__export__.res_users_5_8063b05c,2019-11-15 11:13:28,,,,,
,,,,,,,,,__export__.sgavar_file_var_605_00359abb,Numérico,CANPICMIN,, ,2019-11-15 11:13:28,__export__.res_users_5_8063b05c,98,90,0,9,9,stock_move_reassign_availability.model_stock_quant,False,14,,__export__.res_users_5_8063b05c,2019-11-15 11:13:28,,,,,
,,,,,,,,,__export__.sgavar_file_var_1021_7023bdfe,Numérico,CANPICMAX,, ,2019-11-15 11:13:28,__export__.res_users_5_8063b05c,108,99,0,9,9,stock_move_reassign_availability.model_stock_quant,False,15,,__export__.res_users_5_8063b05c,2019-11-15 11:13:28,,,,,
,,,,,,,,,__export__.sgavar_file_var_3375_85135dee,Numérico,STOMINTRA,, ,2019-11-15 11:13:28,__export__.res_users_5_8063b05c,117,109,0,9,9,stock_move_reassign_availability.model_stock_quant,False,16,,__export__.res_users_5_8063b05c,2019-11-15 11:13:28,,,,,
,,,,,,,,,__export__.sgavar_file_var_621_9d874f9f,Numérico,STOMAXTRA,, ,2019-11-15 11:13:28,__export__.res_users_5_8063b05c,126,118,0,9,9,stock_move_reassign_availability.model_stock_quant,False,17,,__export__.res_users_5_8063b05c,2019-11-15 11:13:28,,,,,
,,,,,,,,,__export__.sgavar_file_var_952_51931ef5,Alfanumerico,PICCOMPAR,, ,2019-11-15 11:13:28,__export__.res_users_5_8063b05c,127,127,0,1,1,stock_move_reassign_availability.model_stock_quant,False,18,S,__export__.res_users_5_8063b05c,2019-11-15 11:13:28,,,,,
,,,,,,,,,__export__.sgavar_file_var_1169_6l5crsyx,Alfanumerico,TERPROREF,, ,2019-11-15 11:13:28,__export__.res_users_5_8063b05c,143,128,0,16,16,stock_move_reassign_availability.model_stock_quant,False,19,,__export__.res_users_5_8063b05c,2019-11-15 11:13:28,,,,,
,,,,,,,,,__export__.sgavar_file_var_3391_6ff2f8ab,Alfanumerico,LOTE,, ,2019-11-15 11:13:28,__export__.res_users_5_8063b05c,163,144,0,20,20,stock_move_reassign_availability.model_stock_quant,False,20,,__export__.res_users_5_8063b05c,2019-11-15 11:13:28,,,,,
,,,,,,,,,__export__.sgavar_file_var_575_f571dfa3,Alfanumerico,ZONUBIREFDOS,, ,2019-11-15 11:13:28,__export__.res_users_5_8063b05c,169,164,0,4,4,stock_move_reassign_availability.model_stock_quant,False,21,,__export__.res_users_5_8063b05c,2019-11-15 11:13:28,,,,,
,,,,,,,,,__export__.sgavar_file_var_650_7502333e,Numérico,PORREF,, ,2019-11-15 11:13:28,__export__.res_users_5_8063b05c,172,170,0,3,3,stock_move_reassign_availability.model_stock_quant,False,22,,__export__.res_users_5_8063b05c,2019-11-15 11:13:28,,,,,
,,,,,,,,,__export__.sgavar_file_var_881_a418352c,Alfanumerico,BUSTIP,, ,2019-11-15 11:13:28,__export__.res_users_5_8063b05c,173,173,0,1,1,stock_move_reassign_availability.model_stock_quant,False,23,C,__export__.res_users_5_8063b05c,2019-11-15 11:13:28,,,,,
,,,,,,,,,__export__.sgavar_file_var_1139_7j10aplt,Alfanumerico,UBIREFDOS,, ,2019-11-15 11:13:28,__export__.res_users_5_8063b05c,189,174,0,16,16,stock_move_reassign_availability.model_stock_quant,False,24,,__export__.res_users_5_8063b05c,2019-11-15 11:13:28,,,,,
,,,,,,,,,__export__.sgavar_file_var_3347_74210a0b,Alfanumerico,BUSTIPDOS,, ,2019-11-15 11:13:28,__export__.res_users_5_8063b05c,190,190,0,1,1,stock_move_reassign_availability.model_stock_quant,False,25,,__export__.res_users_5_8063b05c,2019-11-15 11:13:28,,,,,
,,,,,,,,,__export__.sgavar_file_var_3404_a36d81da,Alfanumerico,TIPMOL,, ,2019-11-15 11:13:28,__export__.res_users_5_8063b05c,194,191,0,4,4,stock_move_reassign_availability.model_stock_quant,False,26,,__export__.res_users_5_8063b05c,2019-11-15 11:13:28,,,,,
,,,,,,,,,__export__.sgavar_file_var_1140_8rbpeg8u,Numérico,MARGENROT2,, ,2019-11-15 11:13:28,__export__.res_users_5_8063b05c,203,195,0,9,9,stock_move_reassign_availability.model_stock_quant,False,27,,__export__.res_users_5_8063b05c,2019-11-15 11:13:28,,,,,
,,,,,,,,,__export__.sgavar_file_var_3348_8bed34d9,Alfanumerico,TIPMOLDOS,, ,2019-11-15 11:13:28,__export__.res_users_5_8063b05c,207,204,0,4,4,stock_move_reassign_availability.model_stock_quant,False,28,,__export__.res_users_5_8063b05c,2019-11-15 11:13:28,,,,,
,,,,,,,,,__export__.sgavar_file_var_3405_e8665b8f,Numérico,ALTMINDOS,, ,2019-11-15 11:13:28,__export__.res_users_5_8063b05c,212,208,0,5,5,stock_move_reassign_availability.model_stock_quant,False,29,,__export__.res_users_5_8063b05c,2019-11-15 11:13:28,,,,,
,,,,,,,,,__export__.sgavar_file_var_1141_9w395k9a,Numérico,ALTMAXDOS,, ,2019-11-15 11:13:28,__export__.res_users_5_8063b05c,217,213,0,5,5,stock_move_reassign_availability.model_stock_quant,False,30,,__export__.res_users_5_8063b05c,2019-11-15 11:13:28,,,,,
,,,,,,,,,__export__.sgavar_file_var_3349_41784c88,Numérico,STOMINZONALM,, ,2019-11-15 11:13:28,__export__.res_users_5_8063b05c,226,218,0,9,9,stock_move_reassign_availability.model_stock_quant,False,31,,__export__.res_users_5_8063b05c,2019-11-15 11:13:28,,,,,
,,,,,,,,,__export__.sgavar_file_var_3406_1a62a914,Numérico,STOMAXZONALM,, ,2019-11-15 11:13:28,__export__.res_users_5_8063b05c,235,227,0,9,9,stock_move_reassign_availability.model_stock_quant,False,32,,__export__.res_users_5_8063b05c,2019-11-15 11:13:28,,,,,
,,,,,,,,,__export__.sgavar_file_var_1142_106jrmfu,Numérico,STOMINZONALMDOS,, ,2019-11-15 11:13:28,__export__.res_users_5_8063b05c,244,236,0,9,9,stock_move_reassign_availability.model_stock_quant,False,33,,__export__.res_users_5_8063b05c,2019-11-15 11:13:28,,,,,
,,,,,,,,,__export__.sgavar_file_var_3350_6b0332bc,Numérico,STOMAXZONALMDOS,, ,2019-11-15 11:13:28,__export__.res_users_5_8063b05c,253,245,0,9,9,stock_move_reassign_availability.model_stock_quant,False,34,,__export__.res_users_5_8063b05c,2019-11-15 11:13:28,,,,,
__export__.sgavar_file_22_4248892b,False,224,2019-11-15 10:48:16,__export__.res_users_5_8063b05c,"Confirmación de expedición, contenidos",Operación de empaquetado,,sga_ulma_integration.model_stock_move_line,__export__.sgavar_file_var_568_1cdd59bf,Related-Alfanumérico,TERPROREF,stock_move_apk.field_stock_move_line_partner_id, ,2019-11-15 11:13:28,__export__.res_users_5_8063b05c,84,69,0,16,16,sga_ulma_integration.model_stock_move_line,True,6,id,__export__.res_users_5_8063b05c,2019-11-15 11:13:28,,CEN,0,__export__.res_users_5_8063b05c,2019-11-15 11:13:28
,,,,,,,,,__export__.sgavar_file_var_1087_518bfd85,Numérico,CAN,stock.field_stock_move_line_qty_done, ,2019-11-15 11:13:28,__export__.res_users_5_8063b05c,93,85,3,6,9,sga_ulma_integration.model_stock_move_line,False,7,,__export__.res_users_5_8063b05c,2019-11-15 11:13:28,,,,,
,,,,,,,,,__export__.sgavar_file_var_3_7f9ce4be,Alfanumerico,TIPUNI,, ,2019-11-15 11:13:28,__export__.res_users_5_8063b05c,97,94,0,4,4,sga_ulma_integration.model_stock_move_line,False,8,UD,__export__.res_users_5_8063b05c,2019-11-15 11:13:28,,,,,
,,,,,,,,,__export__.sgavar_file_var_1045_4d45cebc,Numérico,NUMNI,stock.field_stock_move_line_qty_done, ,2019-11-15 11:13:28,__export__.res_users_5_8063b05c,105,98,0,8,8,sga_ulma_integration.model_stock_move_line,True,9,1,__export__.res_users_5_8063b05c,2019-11-15 11:13:28,,,,,
,,,,,,,,,__export__.sgavar_file_var_618_5137a78d,Related-Alfanumérico,PES,stock.field_stock_move_line_product_id, ,2019-11-15 11:13:28,__export__.res_users_5_8063b05c,114,106,3,6,9,sga_ulma_integration.model_stock_move_line,False,10,weight,__export__.res_users_5_8063b05c,2019-11-15 11:13:28,,,,,
,,,,,,,,,__export__.sgavar_file_var_1135_323ixn9d,Numérico,VOL,, ,2019-11-15 11:13:28,__export__.res_users_5_8063b05c,123,115,3,6,9,sga_ulma_integration.model_stock_move_line,False,11,,__export__.res_users_5_8063b05c,2019-11-15 11:13:28,,,,,
,,,,,,,,,__export__.sgavar_file_var_647_70eb599c,Alfanumerico,CRIROT,, ,2019-11-15 11:13:28,__export__.res_users_5_8063b05c,143,124,0,20,20,sga_ulma_integration.model_stock_move_line,False,12,,__export__.res_users_5_8063b05c,2019-11-15 11:13:28,,,,,
,,,,,,,,,__export__.sgavar_file_var_1116_3a36rdem,Fecha,FECCAD,, ,2019-11-15 11:13:28,__export__.res_users_5_8063b05c,151,144,0,8,8,sga_ulma_integration.model_stock_move_line,False,13,,__export__.res_users_5_8063b05c,2019-11-15 11:13:28,,,,,
,,,,,,,,,__export__.sgavar_file_var_620_04c1127f,Fecha,FECREC,stock.field_stock_move_line_date, ,2019-11-15 11:13:28,__export__.res_users_5_8063b05c,159,152,0,8,8,sga_ulma_integration.model_stock_move_line,False,14,,__export__.res_users_5_8063b05c,2019-11-15 11:13:28,,,,,
,,,,,,,,,__export__.sgavar_file_var_1035_b3b1ea1c,Fecha,FECFAB,stock.field_stock_move_line_date, ,2019-11-15 11:13:28,__export__.res_users_5_8063b05c,167,160,0,8,8,sga_ulma_integration.model_stock_move_line,False,15,,__export__.res_users_5_8063b05c,2019-11-15 11:13:28,,,,,
,,,,,,,,,__export__.sgavar_file_var_3390_3051ab9e,Alfanumerico,LOTE,, ,2019-11-15 11:13:28,__export__.res_users_5_8063b05c,187,168,0,20,20,sga_ulma_integration.model_stock_move_line,False,16,,__export__.res_users_5_8063b05c,2019-11-15 11:13:28,,,,,
,,,,,,,,,__export__.sgavar_file_var_637_95c5cde5,Alfanumerico,NUMSERREF,, ,2019-11-15 11:13:28,__export__.res_users_5_8063b05c,207,188,0,30,30,sga_ulma_integration.model_stock_move_line,False,17,,__export__.res_users_5_8063b05c,2019-11-15 11:13:28,,,,,
,,,,,,,,,__export__.sgavar_file_var_988_5cfaec2b,Related-Numérico,EXPORDLIN,stock.field_stock_move_line_move_id,,2019-11-15 11:13:28,__export__.res_users_5_8063b05c,216,208,0,9,9,sga_ulma_integration.model_stock_move_line,False,18,id,__export__.res_users_5_8063b05c,2019-11-15 11:13:28,,,,,
,,,,,,,,,__export__.sgavar_file_var_3331_4d8198f8,Alfanumerico,CNTEXPTIP,, ,2019-11-15 11:13:28,__export__.res_users_5_8063b05c,222,217,0,6,6,sga_ulma_integration.model_stock_move_line,False,19,,__export__.res_users_5_8063b05c,2019-11-15 11:13:28,,,,,
,,,,,,,,,__export__.sgavar_file_var_3403_a9fd5624,Alfanumerico,MUELLE,, ,2019-11-15 11:13:28,__export__.res_users_5_8063b05c,238,223,0,16,16,sga_ulma_integration.model_stock_move_line,False,20,,__export__.res_users_5_8063b05c,2019-11-15 11:13:28,,,,,
,,,,,,,,,__export__.sgavar_file_var_587_e15dc7d5,Alfanumerico,CNTDORMAT,, ,2019-11-15 11:13:28,__export__.res_users_5_8063b05c,258,239,0,20,20,sga_ulma_integration.model_stock_move_line,False,21,,__export__.res_users_5_8063b05c,2019-11-15 11:13:28,,,,,
,,,,,,,,,__export__.sgavar_file_var_717_f0fc833a,Alfanumerico,PROP,, ,2019-11-15 11:13:28,__export__.res_users_5_8063b05c,278,259,0,20,20,sga_ulma_integration.model_stock_move_line,False,22,,__export__.res_users_5_8063b05c,2019-11-15 11:13:28,,,,,
,,,,,,,,,__export__.sgavar_file_var_917_8440826e,Alfanumerico,DIM,, ,2019-11-15 11:13:28,__export__.res_users_5_8063b05c,282,279,0,4,4,sga_ulma_integration.model_stock_move_line,False,23,,__export__.res_users_5_8063b05c,2019-11-15 11:13:28,,,,,
__export__.sgavar_file_23_b3ed6114,False,0,2019-11-15 10:48:16,__export__.res_users_5_8063b05c,Quants por producto,Producto,,stock_available_global.model_product_product,,,,,,,,,,,,,,,,,,,,TRU,0,__export__.res_users_5_8063b05c,2019-11-15 11:13:28
__export__.sgavar_file_24_6sfg829s,False,287,2019-11-15 10:48:16,__export__.res_users_5_8063b05c,Stock Batch Picking,stock.batch.picking,,sga_ulma_integration.model_stock_batch_picking,__export__.sgavar_file_var_1123_10a3kxbh,Fecha,FECORD,, ,2019-11-15 11:13:28,__export__.res_users_5_8063b05c,87,80,0,8,8,sga_ulma_integration.model_stock_batch_picking,False,10,,__export__.res_users_5_8063b05c,2019-11-15 11:13:28,,SBP,0,__export__.res_users_5_8063b05c,2019-11-15 11:13:28
,,,,,,,,,__export__.sgavar_file_var_3381_f0d6397f,Fecha,FECEXP,, ,2019-11-15 11:13:28,__export__.res_users_5_8063b05c,95,88,0,8,8,sga_ulma_integration.model_stock_batch_picking,False,11,,__export__.res_users_5_8063b05c,2019-11-15 11:13:28,,,,,
,,,,,,,,,__export__.sgavar_file_var_3396_1ddc78db,Hora,HOREXP,, ,2019-11-15 11:13:28,__export__.res_users_5_8063b05c,99,96,0,4,4,sga_ulma_integration.model_stock_batch_picking,False,12,,__export__.res_users_5_8063b05c,2019-11-15 11:13:28,,,,,
,,,,,,,,,__export__.sgavar_file_var_3408_ebffa2f8,Alfanumerico,URGENT,, ,2019-11-15 11:13:28,__export__.res_users_5_8063b05c,100,100,0,1,1,sga_ulma_integration.model_stock_batch_picking,True,13,N,__export__.res_users_5_8063b05c,2019-11-15 11:13:28,,,,,
,,,,,,,,,__export__.sgavar_file_var_3431_b163fcd9,Alfanumerico,OBS,, ,2019-11-15 11:13:28,__export__.res_users_5_8063b05c,140,101,0,40,40,sga_ulma_integration.model_stock_batch_picking,False,14,,__export__.res_users_5_8063b05c,2019-11-15 11:13:28,,,,,
,,,,,,,,,__export__.sgavar_file_var_3447_56e0b23d,Numérico,MUEEXP,sga_adaia_integration.field_stock_batch_picking_adaia_dock, ,2019-11-15 11:13:28,__export__.res_users_5_8063b05c,146,141,0,6,6,sga_ulma_integration.model_stock_batch_picking,False,15,,__export__.res_users_5_8063b05c,2019-11-15 11:13:28,,,,,
,,,,,,,,,__export__.sgavar_file_var_1144_129v3b75,Alfanumerico,PRVCAMCOM,, ,2019-11-15 11:13:28,__export__.res_users_5_8063b05c,306,147,0,160,160,sga_ulma_integration.model_stock_batch_picking,False,16,,__export__.res_users_5_8063b05c,2019-11-15 11:13:28,,,,,
,,,,,,,,,__export__.sgavar_file_var_1159_12ewwc7e,Alfanumerico,AGROEXGENACC,sga_adaia_integration.field_stock_batch_picking_adaia_group, ,2019-11-15 11:13:28,__export__.res_users_5_8063b05c,322,307,0,16,16,sga_ulma_integration.model_stock_batch_picking,False,17,,__export__.res_users_5_8063b05c,2019-11-15 11:13:28,,,,,
,,,,,,,,,__export__.sgavar_file_var_1175_125ou5la,Numérico,NUMVER,, ,2019-11-15 11:13:28,__export__.res_users_5_8063b05c,326,323,0,4,4,sga_ulma_integration.model_stock_batch_picking,False,18,0,__export__.res_users_5_8063b05c,2019-11-15 11:13:28,,,,,
,,,,,,,,,__export__.sgavar_file_var_3337_f3ba0b41,one2many,MOVE_LINES,sga_adaia_integration.field_stock_batch_picking_draft_move_line_ids, ,2019-11-15 11:13:28,__export__.res_users_5_8063b05c,0,0,0,0,0,sga_ulma_integration.model_stock_batch_picking,True,19,SBL,__export__.res_users_5_8063b05c,2019-11-15 11:13:28,,,,,
__export__.sgavar_file_25_z02s9t8y,False,122,2019-11-15 10:48:16,__export__.res_users_5_8063b05c,"Stock Batch Picking, líneas",Operación de empaquetado,,sga_ulma_integration.model_stock_move_line,__export__.sgavar_file_var_1143_119y8w2o,Alfanumerico,OBS,, ,2019-11-15 11:13:28,__export__.res_users_5_8063b05c,125,86,0,40,40,sga_ulma_integration.model_stock_move_line,False,10,,__export__.res_users_5_8063b05c,2019-11-15 11:13:28,,SBL,0,__export__.res_users_5_8063b05c,2019-11-15 11:13:28
,,,,,,,,,__export__.sgavar_file_var_1145_13284qpt,Alfanumerico,KIT,, ,2019-11-15 11:13:28,__export__.res_users_5_8063b05c,146,146,0,1,1,sga_ulma_integration.model_stock_move_line,False,12,N,__export__.res_users_5_8063b05c,2019-11-15 11:13:28,,,,,
,,,,,,,,,__export__.sgavar_file_var_3410_c436f245,Alfanumerico,VIDAUTILMIN,, ,2019-11-15 11:13:28,__export__.res_users_5_8063b05c,149,147,0,3,3,sga_ulma_integration.model_stock_move_line,False,13,,__export__.res_users_5_8063b05c,2019-11-15 11:13:28,,,,,
,,,,,,,,,__export__.sgavar_file_var_3433_f077f3cd,Alfanumerico,VIDAUTILMAX,, ,2019-11-15 11:13:28,__export__.res_users_5_8063b05c,152,150,0,3,3,sga_ulma_integration.model_stock_move_line,False,14,,__export__.res_users_5_8063b05c,2019-11-15 11:13:28,,,,,
__export__.sgavar_file_26_9a4he3z2,False,280,2019-11-15 10:48:16,__export__.res_users_5_8063b05c,Stock Batch Picking Confirmation,stock.batch.picking,,sga_ulma_integration.model_stock_batch_picking,__export__.sgavar_file_var_1158_11nueaye,Hora,HOREXP,stock_batch_picking.field_stock_batch_picking_date, ,2019-11-15 11:13:28,__export__.res_users_5_8063b05c,87,84,0,4,4,sga_ulma_integration.model_stock_batch_picking,False,10,,__export__.res_users_5_8063b05c,2019-11-15 11:13:28,,SBP,1,__export__.res_users_5_8063b05c,2019-11-15 11:13:28
,,,,,,,,,__export__.sgavar_file_var_1160_13ykk0pr,Alfanumerico,PRVCAMCOM,, ,2019-11-15 11:13:28,__export__.res_users_5_8063b05c,286,128,0,160,160,sga_ulma_integration.model_stock_batch_picking,True,12,,__export__.res_users_5_8063b05c,2019-11-15 11:13:28,,,,,
,,,,,,,,,__export__.sgavar_file_var_1161_145r05kk,Alfanumerico,AGROEXGENACC,, ,2019-11-15 11:13:28,__export__.res_users_5_8063b05c,301,287,0,166,16,sga_ulma_integration.model_stock_batch_picking,False,13,,__export__.res_users_5_8063b05c,2019-11-15 11:13:28,,,,,
,,,,,,,,,__export__.sgavar_file_var_1162_15lwbx11,one2many,MOVE_LINE,sga_adaia_integration.field_stock_batch_picking_draft_move_line_ids, ,2019-11-15 11:13:28,__export__.res_users_5_8063b05c,0,0,0,0,0,sga_ulma_integration.model_stock_batch_picking,True,14,SBC,__export__.res_users_5_8063b05c,2019-11-15 11:13:28,,,,,
,,,,,,,,,__export__.sgavar_file_var_1163_162tehza,one2many,CONTENT_LINES,sga_adaia_integration.field_stock_batch_picking_draft_move_line_ids, ,2019-11-15 11:13:28,__export__.res_users_5_8063b05c,0,0,0,0,0,sga_ulma_integration.model_stock_batch_picking,True,15,CEN,__export__.res_users_5_8063b05c,2019-11-15 11:13:28,,,,,
__export__.sgavar_file_27_3ao6r92t,False,140,2019-11-15 10:48:16,__export__.res_users_5_8063b05c,"Stock Batch Picking Confirmation, líneas",Operación de empaquetado,,sga_ulma_integration.model_stock_move_line,__export__.sgavar_file_var_1174_11v6wx6s,Alfanumerico,OBS,, ,2019-11-15 11:13:28,__export__.res_users_5_8063b05c,126,87,0,40,40,sga_ulma_integration.model_stock_move_line,False,10,,__export__.res_users_5_8063b05c,2019-11-15 11:13:28,,SBC,0,__export__.res_users_5_8063b05c,2019-11-15 11:13:28
__export__.sgavar_file_34_4099139e,False,260,2019-11-15 10:48:16,__export__.res_users_5_8063b05c,Batch de recepción,stock.batch.picking,,sga_ulma_integration.model_stock_batch_picking,__export__.sgavar_file_var_3382_ed63f90a,Alfanumerico,RECORDSUBTIP,, ,2019-11-15 11:13:28,__export__.res_users_5_8063b05c,140,137,0,4,4,sga_ulma_integration.model_stock_batch_picking,False,12,,__export__.res_users_5_8063b05c,2019-11-15 11:13:28,,INS,0,__export__.res_users_5_8063b05c,2019-11-15 11:13:28
,,,,,,,,,__export__.sgavar_file_var_3383_fb80cea1,Alfanumerico,PRVCAMCOM,, ,2019-11-15 11:13:28,__export__.res_users_5_8063b05c,260,141,0,160,160,sga_ulma_integration.model_stock_batch_picking,False,13,,__export__.res_users_5_8063b05c,2019-11-15 11:13:28,,,,,
,,,,,,,,,__export__.sgavar_file_var_3414_35bd3300,one2many,MOVE_LINES,sga_adaia_integration.field_stock_batch_picking_draft_move_line_ids, ,2019-11-15 11:13:28,__export__.res_users_5_8063b05c,0,0,0,0,0,sga_ulma_integration.model_stock_batch_picking,True,14,OSL,__export__.res_users_5_8063b05c,2019-11-15 11:13:28,,,,,
__export__.sgavar_file_35_1e0d23ee,False,124,2019-11-15 10:48:16,__export__.res_users_5_8063b05c,Confirmación de recepción batch,stock.batch.picking,,sga_ulma_integration.model_stock_batch_picking,__export__.sgavar_file_var_3415_db9323fc,one2many,MOVE_LINES,sga_adaia_integration.field_stock_batch_picking_draft_move_line_ids, ,2019-11-15 11:13:28,__export__.res_users_5_8063b05c,0,0,0,0,0,sga_ulma_integration.model_stock_batch_picking,True,12,OSL,__export__.res_users_5_8063b05c,2019-11-15 11:13:28,,INS,1,__export__.res_users_5_8063b05c,2019-11-15 11:13:28
__export__.sgavar_file_36_1897a3c6,False,70,2019-11-15 10:48:16,__export__.res_users_5_8063b05c,"Orden de recepción, líneas",Operación de empaquetado,,sga_ulma_integration.model_stock_move_line,__export__.sgavar_file_var_3407_e6c269bd,Alfanumerico,ADMCANMAY,, ,2019-11-15 11:13:28,__export__.res_users_5_8063b05c,78,78,0,1,1,sga_ulma_integration.model_stock_move_line,False,9,S,__export__.res_users_5_8063b05c,2019-11-15 11:13:28,,OSL,0,__export__.res_users_5_8063b05c,2019-11-15 11:13:28
,,,,,,,,,__export__.sgavar_file_var_3409_87560bb2,Alfanumerico,IGNCAD,, ,2019-11-15 11:13:28,__export__.res_users_5_8063b05c,80,80,0,1,1,sga_ulma_integration.model_stock_move_line,False,11,S,__export__.res_users_5_8063b05c,2019-11-15 11:13:28,,,,,
,,,,,,,,,__export__.sgavar_file_var_3411_7beb74e1,Alfanumerico,RECORDLIN,stock.field_stock_move_line_id, ,2019-11-15 11:13:28,__export__.res_users_5_8063b05c,90,82,0,9,9,sga_ulma_integration.model_stock_move_line,False,13,,__export__.res_users_5_8063b05c,2019-11-15 11:13:28,,,,,
,,,,,,,,,__export__.sgavar_file_var_3412_3fb3d709,Alfanumerico,ADMCANMAYPOR,, ,2019-11-15 11:13:28,__export__.res_users_5_8063b05c,93,91,0,3,3,sga_ulma_integration.model_stock_move_line,False,14,,__export__.res_users_5_8063b05c,2019-11-15 11:13:28,,,,,
,,,,,,,,,__export__.sgavar_file_var_3413_c5d030aa,Alfanumerico,LOTE,stock.field_stock_move_line_lot_name, ,2019-11-15 11:13:28,__export__.res_users_5_8063b05c,103,94,0,20,20,sga_ulma_integration.model_stock_move_line,False,15,,__export__.res_users_5_8063b05c,2019-11-15 11:13:28,,,,,
