"id","version_active","file_bytes","cte_name","model","file_filter","odoo_model/id","sga_file_var_ids/adaia_type","sga_file_var_ids/name","sga_file_var_ids/odoo_name/id","sga_file_var_ids/fillchar","sga_file_var_ids/en","sga_file_var_ids/st","sga_file_var_ids/length_dec","sga_file_var_ids/length_int","sga_file_var_ids/length","sga_file_var_ids/odoo_model/id","sga_file_var_ids/required","sga_file_var_ids/sequence","sga_file_var_ids/default","description","code","version"
"__export__.sgavar_file_1_548dfa6f","False","300","Order de recepción","Operación de empaquetado","","sga_ulma_integration.model_stock_picking","Alfanumerico","TIPEREG",""," ","4","1","0","4","4","sga_ulma_integration.model_stock_picking","True","0","ORCA","","INR","0"
"","","","","","","","Alfanumerico","ACCION",""," ","6","5","0","2","2","sga_ulma_integration.model_stock_picking","True","1","MO","","",""
"","","","","","","","Alfanumerico","RECORDREF","sga_adaia_integration.field_stock_picking_sga_adaia_picking_name"," ","22","7","0","16","16","sga_ulma_integration.model_stock_picking","True","2","","","",""
"","","","","","","","Numérico","ALMREF",""," ","24","23","0","2","2","sga_ulma_integration.model_stock_picking","True","3","01","","",""
"","","","","","","","Alfanumerico","TERREF","sga_adaia_integration.field_stock_picking_sga_adaia_partner_ref"," ","40","25","0","16","16","sga_ulma_integration.model_stock_picking","True","4","","","",""
"","","","","","","","Alfanumerico","TERPROREF",""," ","56","41","0","16","16","sga_ulma_integration.model_stock_picking","False","5","","","",""
"","","","","","","","Alfanumerico","RECORDTIP",""," ","60","57","0","4","4","sga_ulma_integration.model_stock_picking","True","6","ENPR","","",""
"","","","","","","","Fecha","FECORD","__export__.ir_model_fields_8590_7acc3e09"," ","8","61","0","8","8","sga_ulma_integration.model_stock_picking","True","7","","","",""
"","","","","","","","Hora","FECREC","stock.field_stock_picking_date_done"," ","76","69","0","8","8","sga_ulma_integration.model_stock_picking","False","8","","","",""
"","","","","","","","Alfanumerico","HORREC",""," ","80","77","0","4","4","sga_ulma_integration.model_stock_picking","False","9","","","",""
"","","","","","","","Alfanumerico","OBS",""," ","120","81","0","40","40","sga_ulma_integration.model_stock_picking","False","10","","","",""
"","","","","","","","Alfanumerico","TERRESREF",""," ","136","121","0","16","16","sga_ulma_integration.model_stock_picking","False","11","","","",""
"","","","","","","","Alfanumerico","RECORDSUBTIP",""," ","140","137","0","4","4","sga_ulma_integration.model_stock_picking","False","12","","","",""
"","","","","","","","Alfanumerico","PRVCAMCOM",""," ","260","141","0","160","160","sga_ulma_integration.model_stock_picking","False","13","","","",""
"","","","","","","","one2many","MOVE_LINES","sga_adaia_integration.field_stock_picking_adaia_move_ids"," ","0","0","0","0","0","sga_ulma_integration.model_stock_picking","True","14","MVL","","",""
"__export__.sgavar_file_2_5484226f","False","139","Confirmación de recepción","Operación de empaquetado","","sga_ulma_integration.model_stock_picking","Alfanumerico","TIPREG",""," ","4","1","0","4","4","sga_ulma_integration.model_stock_picking","True","0","CRCA","","INR","1"
"","","","","","","","Alfanumerico","ACCION",""," ","6","5","0","2","2","sga_ulma_integration.model_stock_picking","True","1","AG","","",""
"","","","","","","","Numérico","RECCOD","sga_adaia_integration.field_stock_picking_sga_adaia_picking_name"," ","15","7","0","9","9","sga_ulma_integration.model_stock_picking","True","2","","","",""
"","","","","","","","Numérico","ALMREF",""," ","17","16","0","2","2","sga_ulma_integration.model_stock_picking","True","3","1","","",""
"","","","","","","","Alfanumerico","RECORDREF","sga_adaia_integration.field_stock_picking_sga_adaia_picking_name"," ","33","18","0","16","16","sga_ulma_integration.model_stock_picking","True","4","","","",""
"","","","","","","","Related-Alfanumérico","TERREF","stock.field_stock_picking_partner_id"," ","49","34","0","16","16","sga_ulma_integration.model_stock_picking","True","5","ref","","",""
"","","","","","","","Alfanumerico","TERPROREF",""," ","65","50","0","16","16","sga_ulma_integration.model_stock_picking","False","6","","","",""
"","","","","","","","Alfanumerico","RECORDTIP",""," ","69","66","0","4","4","sga_ulma_integration.model_stock_picking","True","7","ENPR","","",""
"","","","","","","","Alfanumerico","ALBARA","stock.field_stock_picking_name"," ","86","70","0","17","17","sga_ulma_integration.model_stock_picking","True","8","","","",""
"","","","","","","","Fecha","FECREC","stock.field_stock_picking_date_done"," ","94","87","0","8","8","sga_ulma_integration.model_stock_picking","True","9","","","",""
"","","","","","","","Hora","HORREC","stock.field_stock_picking_date_done"," ","98","95","0","5","5","sga_ulma_integration.model_stock_picking","True","10","","","",""
"","","","","","","","Alfanumerico","OBS","stock.field_stock_picking_note"," ","139","99","0","40","40","sga_ulma_integration.model_stock_picking","False","11","","","",""
"","","","","","","","one2many","MOVE_LINES","sga_adaia_integration.field_stock_picking_adaia_move_ids","","0","0","0","0","0","sga_ulma_integration.model_stock_picking","True","12","MIN","","",""
"__export__.sgavar_file_3_f45afa6f","False","326","Orden de expedición","Operación de empaquetado","","sga_ulma_integration.model_stock_picking","Alfanumerico","TIPREG",""," ","4","1","0","4","4","sga_ulma_integration.model_stock_picking","True","1","OECA","","OUT","0"
"","","","","","","","Alfanumerico","ACCION",""," ","6","5","0","2","2","sga_ulma_integration.model_stock_picking","True","2","MO","","",""
"","","","","","","","Alfanumerico","EXPORDREF","sga_adaia_integration.field_stock_picking_sga_adaia_picking_name"," ","21","7","0","15","15","sga_ulma_integration.model_stock_picking","True","3","","","",""
"","","","","","","","Numérico","ALMREF",""," ","23","22","0","2","2","sga_ulma_integration.model_stock_picking","True","4","01","","",""
"","","","","","","","Related-Alfanumérico","TERREF","stock.field_stock_picking_partner_id"," ","39","24","0","16","16","sga_ulma_integration.model_stock_picking","True","5","ref","","",""
"","","","","","","","Alfanumerico","TERPROREF",""," ","55","40","0","16","16","sga_ulma_integration.model_stock_picking","False","6","","","",""
"","","","","","","","Alfanumerico","EXPORDTIP","sga_adaia_integration.field_stock_picking_adaia_code"," ","59","56","0","4","4","sga_ulma_integration.model_stock_picking","False","7","","","",""
"","","","","","","","Related-Alfanumérico","EXPORDSUBTIP","shipping_type.field_stock_picking_delivery_route_path_id"," ","63","60","0","4","4","sga_ulma_integration.model_stock_picking","False","8","name","","",""
"","","","","","","","Alfanumerico","TRAREF",""," ","79","64","0","16","16","sga_ulma_integration.model_stock_picking","False","9","","","",""
"","","","","","","","Fecha","FECORD","__export__.ir_model_fields_8590_7acc3e09"," ","87","80","0","8","8","sga_ulma_integration.model_stock_picking","False","10","","","",""
"","","","","","","","Alfanumerico","FECEXP",""," ","95","88","0","8","8","sga_ulma_integration.model_stock_picking","False","11","","","",""
"","","","","","","","Alfanumerico","HOREXP",""," ","99","96","0","4","4","sga_ulma_integration.model_stock_picking","False","12","","","",""
"","","","","","","","Alfanumerico","URGENT",""," ","100","100","0","1","1","sga_ulma_integration.model_stock_picking","True","13","N","","",""
"","","","","","","","Alfanumerico","OBS",""," ","140","101","0","40","40","sga_ulma_integration.model_stock_picking","False","14","","","",""
"","","","","","","","Alfanumerico","MUEEXP","sga_adaia_integration.field_stock_picking_adaia_dock"," ","146","141","0","6","6","sga_ulma_integration.model_stock_picking","False","15","","","",""
"","","","","","","","Alfanumerico","PRVCAMCOM",""," ","306","147","0","160","160","sga_ulma_integration.model_stock_picking","False","16","","","",""
"","","","","","","","Alfanumerico","AGROEXGENACC","sga_adaia_integration.field_stock_picking_adaia_group"," ","322","307","0","16","16","sga_ulma_integration.model_stock_picking","False","17","","","",""
"","","","","","","","Numérico","NUMVER",""," ","326","323","0","4","4","sga_ulma_integration.model_stock_picking","False","18","0","","",""
"","","","","","","","one2many","MOVE_LINES","sga_adaia_integration.field_stock_picking_adaia_move_ids"," ","0","0","0","0","0","sga_ulma_integration.model_stock_picking","True","19","MLO","","",""
"__export__.sgavar_file_4_48d6546f","False","303","Confirmación de expedición","Operación de empaquetado","","sga_ulma_integration.model_stock_picking","Alfanumerico","TIPREF",""," ","4","1","0","4","4","sga_ulma_integration.model_stock_picking","True","0","CECA","","OUT","1"
"","","","","","","","Alfanumerico","ACCION",""," ","6","5","0","2","2","sga_ulma_integration.model_stock_picking","True","1","MO","","",""
"","","","","","","","Alfanumerico","EXPORDREF",""," ","21","7","0","15","15","sga_ulma_integration.model_stock_picking","True","2","","","",""
"","","","","","","","Alfanumerico","ALMREF",""," ","23","22","0","2","2","sga_ulma_integration.model_stock_picking","True","3","01","","",""
"","","","","","","","Related-Alfanumérico","TERREF","stock.field_stock_picking_partner_id"," ","39","24","0","16","16","sga_ulma_integration.model_stock_picking","True","4","ref","","",""
"","","","","","","","Alfanumerico","TERPROREF",""," ","55","40","0","16","16","sga_ulma_integration.model_stock_picking","False","5","","","",""
"","","","","","","","Alfanumerico","EXPORDTIP",""," ","59","56","0","4","4","sga_ulma_integration.model_stock_picking","False","6","","","",""
"","","","","","","","Alfanumerico","EXPORDSUBTIP",""," ","63","60","0","4","4","sga_ulma_integration.model_stock_picking","False","7","","","",""
"","","","","","","","Alfanumerico","ALBARA",""," ","75","64","0","12","12","sga_ulma_integration.model_stock_picking","False","8","","","",""
"","","","","","","","Fecha","FECEXP","stock.field_stock_picking_scheduled_date"," ","83","76","0","8","8","sga_ulma_integration.model_stock_picking","False","9","","","",""
"","","","","","","","Hora","HOREXP","stock.field_stock_picking_scheduled_date"," ","87","84","0","4","4","sga_ulma_integration.model_stock_picking","False","10","","","",""
"","","","","","","","Alfanumerico","OBS","stock.field_stock_picking_note"," ","127","88","0","40","40","sga_ulma_integration.model_stock_picking","False","11","","","",""
"","","","","","","","Alfanumerico","PRVCAMCOM",""," ","286","128","0","160","160","sga_ulma_integration.model_stock_picking","True","12","","","",""
"","","","","","","","Alfanumerico","AGROEXGENACC","","","301","287","0","166","16","sga_ulma_integration.model_stock_picking","False","13","","","",""
"","","","","","","","one2many","MOVE_LINE","stock.field_stock_picking_move_line_ids","","0","0","0","0","0","sga_ulma_integration.model_stock_picking","True","14","CEL","","",""
"","","","","","","","one2many","CONTENT_LINES","stock.field_stock_picking_move_line_ids"," ","0","0","0","0","0","sga_ulma_integration.model_stock_picking","True","15","CEN","","",""
"__export__.sgavar_file_8_00a1f0af","False","146","Confirmación de expedición, líneas","Operación de empaquetado","","sga_ulma_integration.model_stock_move_line","Alfanumerico","TIPREG",""," ","4","1","0","4","4","sga_ulma_integration.model_stock_move_line","True","0","CELI","","CEL","0"
"","","","","","","","Alfanumerico","ACCION",""," ","6","5","0","2","2","sga_ulma_integration.model_stock_move_line","True","1","AG","","",""
"","","","","","","","Alfanumerico","EXPORDREF","stock.field_stock_move_line_reference"," ","21","7","0","15","15","sga_ulma_integration.model_stock_move_line","True","2","","","",""
"","","","","","","","Numérico","EXPORDLIN","stock.field_stock_move_line_id"," ","30","22","0","9","9","sga_ulma_integration.model_stock_move_line","True","3","","","",""
"","","","","","","","Related-Numérico","ARTREF","stock.field_stock_move_line_product_id"," ","46","31","0","16","16","sga_ulma_integration.model_stock_move_line","True","4","reference","","",""
"","","","","","","","Alfanumerico","CANPED","stock.field_stock_move_line_ordered_qty"," ","55","47","0","9","9","sga_ulma_integration.model_stock_move_line","True","5","","","",""
"","","","","","","","Alfanumerico","CANSER","stock.field_stock_move_line_product_qty"," ","64","56","0","9","9","sga_ulma_integration.model_stock_move_line","True","6","","","",""
"","","","","","","","Alfanumerico","TIPUNI",""," ","68","65","0","4","4","sga_ulma_integration.model_stock_move_line","True","7","UD","","",""
"","","","","","","","Related-Numérico","PESSER","product.field_product_product_weight"," ","77","69","3","6","9","sga_ulma_integration.model_stock_move_line","False","8","weight","","",""
"","","","","","","","Related-Numérico","PREVEN","product.field_product_product_weight"," ","86","78","2","7","9","sga_ulma_integration.model_stock_move_line","False","9","standard_price","","",""
"","","","","","","","Alfanumerico","OBS",""," ","126","87","0","40","40","sga_ulma_integration.model_stock_move_line","False","10","","","",""
"","","","","","","","Related-Alfanumérico","LOTE","stock.field_stock_move_line_lot_id"," ","146","127","0","20","20","sga_ulma_integration.model_stock_move_line","False","11","ID","","",""
"__export__.sgavar_file_9_1s52a8w9","False","521","Creación de clientes","Contacto","","stock_move_selection_wzd.model_res_partner","Alfanumerico","TIPREG",""," ","4","1","0","4","4","stock_move_selection_wzd.model_res_partner","True","0","TE ","","TE0","0"
"","","","","","","","Alfanumerico","ACCION",""," ","6","5","0","2","2","stock_move_selection_wzd.model_res_partner","True","1","MO","","",""
"","","","","","","","Alfanumerico","TERREF","sga_adaia_integration.field_res_partner_sga_ref"," ","22","7","0","16","16","stock_move_selection_wzd.model_res_partner","True","2","","","",""
"","","","","","","","Alfanumerico","TERDES","base.field_res_partner_name"," ","62","23","0","40","40","stock_move_selection_wzd.model_res_partner","True","3","","","",""
"","","","","","","","Alfanumerico","TERPRIREF",""," ","78","63","0","16","16","stock_move_selection_wzd.model_res_partner","False","4","","","",""
"","","","","","","","Alfanumerico","ALIAS","base.field_res_partner_display_name"," ","90","79","0","12","12","stock_move_selection_wzd.model_res_partner","True","5","","","",""
"","","","","","","","Alfanumerico","TERORI","sga_adaia_integration.field_res_partner_partner_type"," ","94","91","0","4","4","stock_move_selection_wzd.model_res_partner","True","6","","","",""
"","","","","","","","Alfanumerico","DIR1","base.field_res_partner_street"," ","134","95","0","40","40","stock_move_selection_wzd.model_res_partner","False","7","","","",""
"","","","","","","","Alfanumerico","DIR2","base.field_res_partner_city"," ","174","135","0","40","40","stock_move_selection_wzd.model_res_partner","False","8","","","",""
"","","","","","","","Related-Alfanumérico","DIR3","base.field_res_partner_state_id"," ","214","175","0","40","40","stock_move_selection_wzd.model_res_partner","False","9","name","","",""
"","","","","","","","Related-Alfanumérico","DIR4","base.field_res_partner_country_id"," ","254","215","0","40","40","stock_move_selection_wzd.model_res_partner","False","10","name","","",""
"","","","","","","","Numérico","POSCOD","base.field_res_partner_zip"," ","260","255","0","6","6","stock_move_selection_wzd.model_res_partner","False","11","","","",""
"","","","","","","","Related-Alfanumérico","PAISCOD","base.field_res_partner_country_id"," ","264","261","0","4","4","stock_move_selection_wzd.model_res_partner","False","12","code","","",""
"","","","","","","","Alfanumerico","PERAJU",""," ","265","265","0","1","1","stock_move_selection_wzd.model_res_partner","False","13","N","","",""
"","","","","","","","Alfanumerico","CNTEXPTIP",""," ","269","266","0","4","4","stock_move_selection_wzd.model_res_partner","False","14","PL","","",""
"","","","","","","","Alfanumerico","NUMTELSMS","base.field_res_partner_mobile"," ","349","270","0","80","80","stock_move_selection_wzd.model_res_partner","False","15","","","",""
"","","","","","","","Alfanumerico","NUMTELFAX","partner_fax.field_res_partner_fax"," ","429","350","0","80","80","stock_move_selection_wzd.model_res_partner","False","16","","","",""
"","","","","","","","Alfanumerico","EMAILD","base.field_res_partner_email"," ","509","430","0","80","80","stock_move_selection_wzd.model_res_partner","False","17","","","",""
"","","","","","","","Alfanumerico","CNTEXPTIPCAJ",""," ","513","510","0","4","4","stock_move_selection_wzd.model_res_partner","False","18","","","",""
"","","","","","","","Alfanumerico","POSCODINT",""," ","521","514","0","8","8","stock_move_selection_wzd.model_res_partner","False","19","","","",""
"__export__.sgavar_file_10_1a9s7f6a","False","521","Modificación de clientes","Contacto","","stock_move_selection_wzd.model_res_partner","Alfanumerico","TIPREG",""," ","4","1","0","4","4","stock_move_selection_wzd.model_res_partner","True","0","TE ","","TE0","1"
"","","","","","","","Alfanumerico","ACCION",""," ","6","5","0","2","2","stock_move_selection_wzd.model_res_partner","True","1","MO","","",""
"","","","","","","","Alfanumerico","TERREF","base.field_res_partner_ref"," ","22","7","0","16","16","stock_move_selection_wzd.model_res_partner","True","2","","","",""
"","","","","","","","Alfanumerico","TERDES","base.field_res_partner_name"," ","62","23","0","40","40","stock_move_selection_wzd.model_res_partner","True","3","","","",""
"","","","","","","","Alfanumerico","TERPRIREF",""," ","78","63","0","16","16","stock_move_selection_wzd.model_res_partner","False","4","","","",""
"","","","","","","","Alfanumerico","ALIAS","base.field_res_partner_display_name"," ","90","79","0","12","12","stock_move_selection_wzd.model_res_partner","True","5","","","",""
"","","","","","","","Alfanumerico","TERORI","sga_adaia_integration.field_res_partner_partner_type"," ","94","91","0","4","4","stock_move_selection_wzd.model_res_partner","True","6","","","",""
"","","","","","","","Alfanumerico","DIR1","base.field_res_partner_street"," ","134","95","0","40","40","stock_move_selection_wzd.model_res_partner","False","7","","","",""
"","","","","","","","Alfanumerico","DIR2","base.field_res_partner_city"," ","174","135","0","40","40","stock_move_selection_wzd.model_res_partner","False","8","","","",""
"","","","","","","","Related-Alfanumérico","DIR3","base.field_res_partner_state_id"," ","214","175","0","40","40","stock_move_selection_wzd.model_res_partner","False","9","name","","",""
"","","","","","","","Related-Alfanumérico","DIR4","base.field_res_partner_country_id"," ","254","215","0","40","40","stock_move_selection_wzd.model_res_partner","False","10","name","","",""
"","","","","","","","Numérico","POSCOD","base.field_res_partner_zip"," ","260","255","0","6","6","stock_move_selection_wzd.model_res_partner","False","11","","","",""
"","","","","","","","Related-Alfanumérico","PAISCOD","base.field_res_partner_country_id"," ","264","261","0","4","4","stock_move_selection_wzd.model_res_partner","False","12","code","","",""
"","","","","","","","Alfanumerico","PERAJU",""," ","265","265","0","1","1","stock_move_selection_wzd.model_res_partner","False","13","N","","",""
"","","","","","","","Alfanumerico","CNTEXPTIP",""," ","269","266","0","4","4","stock_move_selection_wzd.model_res_partner","False","14","PL","","",""
"","","","","","","","Alfanumerico","NUMTELSMS","base.field_res_partner_mobile"," ","349","270","0","80","80","stock_move_selection_wzd.model_res_partner","False","15","","","",""
"","","","","","","","Alfanumerico","NUMTELFAX","partner_fax.field_res_partner_fax"," ","429","350","0","80","80","stock_move_selection_wzd.model_res_partner","False","16","","","",""
"","","","","","","","Alfanumerico","EMAILD","base.field_res_partner_email"," ","509","430","0","80","80","stock_move_selection_wzd.model_res_partner","False","17","","","",""
"","","","","","","","Alfanumerico","CNTEXPTIPCAJ",""," ","513","510","0","4","4","stock_move_selection_wzd.model_res_partner","False","18","","","",""
"","","","","","","","Alfanumerico","POSCODINT",""," ","521","514","0","8","8","stock_move_selection_wzd.model_res_partner","False","19","","","",""
"__export__.sgavar_file_11_9af1e24r","False","521","Eliminación de clientes","Contacto","","stock_move_selection_wzd.model_res_partner","Alfanumerico","TIPREG",""," ","4","1","0","4","4","stock_move_selection_wzd.model_res_partner","True","0","TE ","","TE0","2"
"","","","","","","","Alfanumerico","ACCION",""," ","6","5","0","2","2","stock_move_selection_wzd.model_res_partner","True","1","DE","","",""
"","","","","","","","Alfanumerico","TERREF","base.field_res_partner_ref"," ","22","7","0","16","16","stock_move_selection_wzd.model_res_partner","True","2","","","",""
"","","","","","","","Alfanumerico","TERDES","base.field_res_partner_name"," ","62","23","0","40","40","stock_move_selection_wzd.model_res_partner","True","3","","","",""
"","","","","","","","Alfanumerico","TERPRIREF",""," ","78","63","0","16","16","stock_move_selection_wzd.model_res_partner","False","4","","","",""
"","","","","","","","Alfanumerico","ALIAS","base.field_res_partner_display_name"," ","90","79","0","12","12","stock_move_selection_wzd.model_res_partner","True","5","","","",""
"","","","","","","","Alfanumerico","TERORI","sga_adaia_integration.field_res_partner_partner_type"," ","94","91","0","4","4","stock_move_selection_wzd.model_res_partner","True","6","","","",""
"","","","","","","","Alfanumerico","DIR1","base.field_res_partner_street"," ","134","95","0","40","40","stock_move_selection_wzd.model_res_partner","False","7","","","",""
"","","","","","","","Alfanumerico","DIR2","base.field_res_partner_city"," ","174","135","0","40","40","stock_move_selection_wzd.model_res_partner","False","8","","","",""
"","","","","","","","Related-Alfanumérico","DIR3","base.field_res_partner_state_id"," ","214","175","0","40","40","stock_move_selection_wzd.model_res_partner","False","9","name","","",""
"","","","","","","","Related-Alfanumérico","DIR4","base.field_res_partner_country_id"," ","254","215","0","40","40","stock_move_selection_wzd.model_res_partner","False","10","name","","",""
"","","","","","","","Numérico","POSCOD","base.field_res_partner_zip"," ","260","255","0","6","6","stock_move_selection_wzd.model_res_partner","False","11","","","",""
"","","","","","","","Related-Alfanumérico","PAISCOD","base.field_res_partner_country_id"," ","264","261","0","4","4","stock_move_selection_wzd.model_res_partner","False","12","code","","",""
"","","","","","","","Alfanumerico","PERAJU",""," ","265","265","0","1","1","stock_move_selection_wzd.model_res_partner","False","13","N","","",""
"","","","","","","","Alfanumerico","CNTEXPTIP",""," ","269","266","0","4","4","stock_move_selection_wzd.model_res_partner","False","14","PL","","",""
"","","","","","","","Alfanumerico","NUMTELSMS","base.field_res_partner_mobile"," ","349","270","0","80","80","stock_move_selection_wzd.model_res_partner","False","15","","","",""
"","","","","","","","Alfanumerico","NUMTELFAX","partner_fax.field_res_partner_fax"," ","429","350","0","80","80","stock_move_selection_wzd.model_res_partner","False","16","","","",""
"","","","","","","","Alfanumerico","EMAILD","base.field_res_partner_email"," ","509","430","0","80","80","stock_move_selection_wzd.model_res_partner","False","17","","","",""
"","","","","","","","Alfanumerico","CNTEXPTIPCAJ",""," ","513","510","0","4","4","stock_move_selection_wzd.model_res_partner","False","18","","","",""
"","","","","","","","Alfanumerico","POSCODINT",""," ","521","514","0","8","8","stock_move_selection_wzd.model_res_partner","False","19","","","",""
"__export__.sgavar_file_12_1s52afw1","False","203","Creación Producto","Producto","","stock_available_global.model_product_product","Alfanumerico","TIPREG",""," ","4","1","0","4","4","stock_available_global.model_product_product","True","0","AR ","","AR0","0"
"","","","","","","","Alfanumerico","ACCION",""," ","6","5","0","2","2","stock_available_global.model_product_product","True","1","AG","","",""
"","","","","","","","Alfanumerico","ARTREF","product.field_product_template_default_code"," ","22","7","0","16","16","stock_available_global.model_product_product","True","2","","","",""
"","","","","","","","Alfanumerico","ARTDES","product.field_product_template_name"," ","62","23","0","40","40","stock_available_global.model_product_product","True","3","","","",""
"","","","","","","","Alfanumerico","ARTPRIREF",""," ","78","63","0","16","16","stock_available_global.model_product_product","False","4","","","",""
"","","","","","","","Alfanumerico","ROTTIP",""," ","82","79","0","4","4","stock_available_global.model_product_product","True","5","FE","","",""
"","","","","","","","Alfanumerico","DIACAD",""," ","87","83","0","5","5","stock_available_global.model_product_product","False","6","","","",""
"","","","","","","","Alfanumerico","DIACADMAX",""," ","92","88","0","5","5","stock_available_global.model_product_product","False","7","","","",""
"","","","","","","","Alfanumerico","DIAMINCADEXP",""," ","97","93","0","5","5","stock_available_global.model_product_product","False","8","","","",""
"","","","","","","","Alfanumerico","LOTREQ",""," ","98","98","0","1","1","stock_available_global.model_product_product","False","9","","","",""
"","","","","","","","Alfanumerico","PESVAR",""," ","99","99","0","1","1","stock_available_global.model_product_product","False","10","N","","",""
"","","","","","","","Alfanumerico","SINEAN",""," ","100","100","0","1","1","stock_available_global.model_product_product","False","11","","","",""
"","","","","","","","Alfanumerico","UNIMIN",""," ","104","101","0","4","4","stock_available_global.model_product_product","True","12","UD","","",""
"","","","","","","","Alfanumerico","UNIREC",""," ","108","105","0","4","4","stock_available_global.model_product_product","True","13","UD","","",""
"","","","","","","","Alfanumerico","UNIALM",""," ","112","109","0","4","4","stock_available_global.model_product_product","True","14","UD","","",""
"","","","","","","","Alfanumerico","UNIEXP",""," ","116","113","0","4","4","stock_available_global.model_product_product","True","15","UD","","",""
"","","","","","","","Alfanumerico","GESSER",""," ","117","117","0","1","1","stock_available_global.model_product_product","False","16","N","","",""
"","","","","","","","Alfanumerico","TERPROREF",""," ","133","118","0","16","16","stock_available_global.model_product_product","False","17","","","",""
"","","","","","","","Alfanumerico","SITINI",""," ","137","134","0","4","4","stock_available_global.model_product_product","False","18","OK","","",""
"","","","","","","","Alfanumerico","BLOQUEADO",""," ","138","138","0","1","1","stock_available_global.model_product_product","False","19","N","","",""
"","","","","","","","Numérico","NUMDIACALCAD",""," ","142","139","0","4","4","stock_available_global.model_product_product","False","20","","","",""
"","","","","","","","Numérico","ADMCANMAYPOR",""," ","145","143","0","3","3","stock_available_global.model_product_product","False","21","","","",""
"","","","","","","","Alfanumerico","LOTE",""," ","165","146","0","20","20","stock_available_global.model_product_product","False","22","","","",""
"","","","","","","","Alfanumerico","CONCRETO",""," ","167","166","0","2","2","stock_available_global.model_product_product","False","23","","","",""
"","","","","","","","Alfanumerico","CNTTIP",""," ","173","168","0","8","8","stock_available_global.model_product_product","False","24","","","",""
"","","","","","","","Alfanumerico","LOTREQEXP",""," ","174","174","0","1","1","stock_available_global.model_product_product","False","25","N","","",""
"","","","","","","","Alfanumerico","CRIROTREQEXP",""," ","175","175","0","1","1","stock_available_global.model_product_product","False","26","N","","",""
"","","","","","","","Alfanumerico","PRIEXPEDI",""," ","179","176","0","4","4","stock_available_global.model_product_product","False","27","","","",""
"","","","","","","","Alfanumerico","GESENV",""," ","180","180","0","1","1","stock_available_global.model_product_product","False","28","","","",""
"","","","","","","","Alfanumerico","SUBTIPART",""," ","184","181","0","4","4","stock_available_global.model_product_product","False","29","","","",""
"","","","","","","","Numérico","TEMRECMIN",""," ","187","185","0","3","3","stock_available_global.model_product_product","False","30","","","",""
"","","","","","","","Numérico","TEMRECMAX",""," ","190","188","0","3","3","stock_available_global.model_product_product","False","31","","","",""
"","","","","","","","Numérico","PESINFPOR",""," ","192","191","0","3","3","stock_available_global.model_product_product","False","32","","","",""
"","","","","","","","Numérico","PRESSUPPOR",""," ","195","193","0","3","3","stock_available_global.model_product_product","False","33","","","",""
"","","","","","","","Alfanumerico","REPREC",""," ","199","196","0","4","4","stock_available_global.model_product_product","False","34","","","",""
"","","","","","","","Alfanumerico","ABCLOG",""," ","200","200","0","1","1","stock_available_global.model_product_product","False","35","C","","",""
"__export__.sgavar_file_13_sa3w1was","False","203","Modificación Producto","Producto","","stock_available_global.model_product_product","Alfanumerico","TIPREG",""," ","4","1","0","4","4","stock_available_global.model_product_product","True","0","AR ","","AR0","1"
"","","","","","","","Alfanumerico","ACCION",""," ","6","5","0","2","2","stock_available_global.model_product_product","True","1","MO","","",""
"","","","","","","","Alfanumerico","ARTREF","product.field_product_template_default_code"," ","22","7","0","16","16","stock_available_global.model_product_product","True","2","","","",""
"","","","","","","","Alfanumerico","ARTDES","product.field_product_template_name"," ","62","23","0","40","40","stock_available_global.model_product_product","True","3","","","",""
"","","","","","","","Alfanumerico","ARTPRIREF",""," ","78","63","0","16","16","stock_available_global.model_product_product","False","4","","","",""
"","","","","","","","Alfanumerico","ROTTIP",""," ","82","79","0","4","4","stock_available_global.model_product_product","True","5","FE","","",""
"","","","","","","","Alfanumerico","DIACAD",""," ","87","83","0","5","5","stock_available_global.model_product_product","False","6","","","",""
"","","","","","","","Alfanumerico","DIACADMAX",""," ","92","88","0","5","5","stock_available_global.model_product_product","False","7","","","",""
"","","","","","","","Alfanumerico","DIAMINCADEXP",""," ","97","93","0","5","5","stock_available_global.model_product_product","False","8","","","",""
"","","","","","","","Alfanumerico","LOTREQ",""," ","98","98","0","1","1","stock_available_global.model_product_product","False","9","","","",""
"","","","","","","","Alfanumerico","PESVAR",""," ","99","99","0","1","1","stock_available_global.model_product_product","False","10","N","","",""
"","","","","","","","Alfanumerico","SINEAN",""," ","100","100","0","1","1","stock_available_global.model_product_product","False","11","","","",""
"","","","","","","","Alfanumerico","UNIMIN",""," ","104","101","0","4","4","stock_available_global.model_product_product","True","12","UD","","",""
"","","","","","","","Alfanumerico","UNIREC",""," ","108","105","0","4","4","stock_available_global.model_product_product","True","13","UD","","",""
"","","","","","","","Alfanumerico","UNIALM",""," ","112","109","0","4","4","stock_available_global.model_product_product","True","14","UD","","",""
"","","","","","","","Alfanumerico","UNIEXP",""," ","116","113","0","4","4","stock_available_global.model_product_product","True","15","UD","","",""
"","","","","","","","Alfanumerico","GESSER",""," ","117","117","0","1","1","stock_available_global.model_product_product","False","16","N","","",""
"","","","","","","","Alfanumerico","TERPROREF",""," ","133","118","0","16","16","stock_available_global.model_product_product","False","17","","","",""
"","","","","","","","Alfanumerico","SITINI",""," ","137","134","0","4","4","stock_available_global.model_product_product","False","18","OK","","",""
"","","","","","","","Alfanumerico","BLOQUEADO",""," ","138","138","0","1","1","stock_available_global.model_product_product","False","19","N","","",""
"","","","","","","","Numérico","NUMDIACALCAD",""," ","142","139","0","4","4","stock_available_global.model_product_product","False","20","","","",""
"","","","","","","","Numérico","ADMCANMAYPOR",""," ","145","143","0","3","3","stock_available_global.model_product_product","False","21","","","",""
"","","","","","","","Alfanumerico","LOTE",""," ","165","146","0","20","20","stock_available_global.model_product_product","False","22","","","",""
"","","","","","","","Alfanumerico","CONCRETO",""," ","167","166","0","2","2","stock_available_global.model_product_product","False","23","","","",""
"","","","","","","","Alfanumerico","CNTTIP",""," ","173","168","0","8","8","stock_available_global.model_product_product","False","24","","","",""
"","","","","","","","Alfanumerico","LOTREQEXP",""," ","174","174","0","1","1","stock_available_global.model_product_product","False","25","N","","",""
"","","","","","","","Alfanumerico","CRIROTREQEXP",""," ","175","175","0","1","1","stock_available_global.model_product_product","False","26","N","","",""
"","","","","","","","Alfanumerico","PRIEXPEDI",""," ","179","176","0","4","4","stock_available_global.model_product_product","False","27","","","",""
"","","","","","","","Alfanumerico","GESENV",""," ","180","180","0","1","1","stock_available_global.model_product_product","False","28","","","",""
"","","","","","","","Alfanumerico","SUBTIPART",""," ","184","181","0","4","4","stock_available_global.model_product_product","False","29","","","",""
"","","","","","","","Numérico","TEMRECMIN",""," ","187","185","0","3","3","stock_available_global.model_product_product","False","30","","","",""
"","","","","","","","Numérico","TEMRECMAX",""," ","190","188","0","3","3","stock_available_global.model_product_product","False","31","","","",""
"","","","","","","","Numérico","PESINFPOR",""," ","192","191","0","3","3","stock_available_global.model_product_product","False","32","","","",""
"","","","","","","","Numérico","PRESSUPPOR",""," ","195","193","0","3","3","stock_available_global.model_product_product","False","33","","","",""
"","","","","","","","Alfanumerico","REPREC",""," ","199","196","0","4","4","stock_available_global.model_product_product","False","34","","","",""
"","","","","","","","Alfanumerico","ABCLOG",""," ","200","200","0","1","1","stock_available_global.model_product_product","False","35","C","","",""
"__export__.sgavar_file_14_a2s4fe9s","False","203","Eliminación Producto","Producto","","stock_available_global.model_product_product","Alfanumerico","TIPREG",""," ","4","1","0","4","4","stock_available_global.model_product_product","True","0","AR ","","AR0","2"
"","","","","","","","Alfanumerico","ACCION",""," ","6","5","0","2","2","stock_available_global.model_product_product","True","1","DE","","",""
"","","","","","","","Alfanumerico","ARTREF","product.field_product_template_default_code"," ","22","7","0","16","16","stock_available_global.model_product_product","True","2","","","",""
"","","","","","","","Alfanumerico","ARTDES","product.field_product_template_name"," ","62","23","0","40","40","stock_available_global.model_product_product","True","3","","","",""
"","","","","","","","Alfanumerico","ARTPRIREF",""," ","78","63","0","16","16","stock_available_global.model_product_product","False","4","","","",""
"","","","","","","","Alfanumerico","ROTTIP",""," ","82","79","0","4","4","stock_available_global.model_product_product","True","5","FE","","",""
"","","","","","","","Alfanumerico","DIACAD",""," ","87","83","0","5","5","stock_available_global.model_product_product","False","6","","","",""
"","","","","","","","Alfanumerico","DIACADMAX",""," ","92","88","0","5","5","stock_available_global.model_product_product","False","7","","","",""
"","","","","","","","Alfanumerico","DIAMINCADEXP",""," ","97","93","0","5","5","stock_available_global.model_product_product","False","8","","","",""
"","","","","","","","Alfanumerico","LOTREQ",""," ","98","98","0","1","1","stock_available_global.model_product_product","False","9","","","",""
"","","","","","","","Alfanumerico","PESVAR",""," ","99","99","0","1","1","stock_available_global.model_product_product","False","10","N","","",""
"","","","","","","","Alfanumerico","SINEAN",""," ","100","100","0","1","1","stock_available_global.model_product_product","False","11","","","",""
"","","","","","","","Alfanumerico","UNIMIN",""," ","104","101","0","4","4","stock_available_global.model_product_product","True","12","UD","","",""
"","","","","","","","Alfanumerico","UNIREC",""," ","108","105","0","4","4","stock_available_global.model_product_product","True","13","UD","","",""
"","","","","","","","Alfanumerico","UNIALM",""," ","112","109","0","4","4","stock_available_global.model_product_product","True","14","UD","","",""
"","","","","","","","Alfanumerico","UNIEXP",""," ","116","113","0","4","4","stock_available_global.model_product_product","True","15","UD","","",""
"","","","","","","","Alfanumerico","GESSER",""," ","117","117","0","1","1","stock_available_global.model_product_product","False","16","N","","",""
"","","","","","","","Alfanumerico","TERPROREF",""," ","133","118","0","16","16","stock_available_global.model_product_product","False","17","","","",""
"","","","","","","","Alfanumerico","SITINI",""," ","137","134","0","4","4","stock_available_global.model_product_product","False","18","OK","","",""
"","","","","","","","Alfanumerico","BLOQUEADO",""," ","138","138","0","1","1","stock_available_global.model_product_product","False","19","N","","",""
"","","","","","","","Numérico","NUMDIACALCAD",""," ","142","139","0","4","4","stock_available_global.model_product_product","False","20","","","",""
"","","","","","","","Numérico","ADMCANMAYPOR",""," ","145","143","0","3","3","stock_available_global.model_product_product","False","21","","","",""
"","","","","","","","Alfanumerico","LOTE",""," ","165","146","0","20","20","stock_available_global.model_product_product","False","22","","","",""
"","","","","","","","Alfanumerico","CONCRETO",""," ","167","166","0","2","2","stock_available_global.model_product_product","False","23","","","",""
"","","","","","","","Alfanumerico","CNTTIP",""," ","173","168","0","8","8","stock_available_global.model_product_product","False","24","","","",""
"","","","","","","","Alfanumerico","LOTREQEXP",""," ","174","174","0","1","1","stock_available_global.model_product_product","False","25","N","","",""
"","","","","","","","Alfanumerico","CRIROTREQEXP",""," ","175","175","0","1","1","stock_available_global.model_product_product","False","26","N","","",""
"","","","","","","","Alfanumerico","PRIEXPEDI",""," ","179","176","0","4","4","stock_available_global.model_product_product","False","27","","","",""
"","","","","","","","Alfanumerico","GESENV",""," ","180","180","0","1","1","stock_available_global.model_product_product","False","28","","","",""
"","","","","","","","Alfanumerico","SUBTIPART",""," ","184","181","0","4","4","stock_available_global.model_product_product","False","29","","","",""
"","","","","","","","Numérico","TEMRECMIN",""," ","187","185","0","3","3","stock_available_global.model_product_product","False","30","","","",""
"","","","","","","","Numérico","TEMRECMAX",""," ","190","188","0","3","3","stock_available_global.model_product_product","False","31","","","",""
"","","","","","","","Numérico","PESINFPOR",""," ","192","191","0","3","3","stock_available_global.model_product_product","False","32","","","",""
"","","","","","","","Numérico","PRESSUPPOR",""," ","195","193","0","3","3","stock_available_global.model_product_product","False","33","","","",""
"","","","","","","","Alfanumerico","REPREC",""," ","199","196","0","4","4","stock_available_global.model_product_product","False","34","","","",""
"","","","","","","","Alfanumerico","ABCLOG",""," ","200","200","0","1","1","stock_available_global.model_product_product","False","35","C","","",""
"__export__.sgavar_file_15_9s52a8w1","False","123","Creación plantilla","Plantilla de producto","","stock_available_global.model_product_template","Alfanumerico","TIPREG",""," ","4","1","0","4","4","stock_available_global.model_product_template","True","0","ARPR","","PRT","0"
"","","","","","","","Alfanumerico","ACCION",""," ","6","5","0","2","2","stock_available_global.model_product_template","True","1","AG","","",""
"","","","","","","","Alfanumerico","ARTREF","product.field_product_template_default_code"," ","22","7","0","16","16","stock_available_global.model_product_template","True","2","","","",""
"","","","","","","","Alfanumerico","UNITIP",""," ","26","23","0","4","4","stock_available_global.model_product_template","True","3","UD","","",""
"","","","","","","","Numérico","NUMUNI",""," ","34","27","0","8","8","stock_available_global.model_product_template","True","4","1","","",""
"","","","","","","","Numérico","CUB","product.field_product_template_volume"," ","43","35","3","6","9","stock_available_global.model_product_template","False","5","","","",""
"","","","","","","","Numérico","MEDLAR",""," ","52","44","3","6","9","stock_available_global.model_product_template","False","6","","","",""
"","","","","","","","Numérico","MEDALT",""," ","60","53","3","6","9","stock_available_global.model_product_template","False","7","","","",""
"","","","","","","","Numérico","MEDANC",""," ","69","61","3","6","9","stock_available_global.model_product_template","False","8","","","",""
"","","","","","","","Numérico","PESUNI",""," ","77","70","3","5","8","stock_available_global.model_product_template","False","9","","","",""
"","","","","","","","Numérico","PESINF",""," ","85","78","3","5","8","stock_available_global.model_product_template","False","10","","","",""
"","","","","","","","Numérico","PESSUP",""," ","93","86","3","5","8","stock_available_global.model_product_template","False","11","","","",""
"","","","","","","","Numérico","UNIPAL",""," ","102","94","0","9","9","stock_available_global.model_product_template","False","12","9000","","",""
"","","","","","","","Numérico","BASE",""," ","107","103","0","5","5","stock_available_global.model_product_template","False","13","2250","","",""
"","","","","","","","Numérico","ALTURA",""," ","112","108","0","5","5","stock_available_global.model_product_template","False","14","4","","",""
"","","","","","","","Numérico","PESTAR",""," ","121","113","3","6","9","stock_available_global.model_product_template","False","15","","","",""
"","","","","","","","Alfanumerico","UNIANI",""," ","122","122","0","1","1","stock_available_global.model_product_template","False","16","N","","",""
"__export__.sgavar_file_16_2ba3dd3b","False","123","Modificación Plantilla","Plantilla de producto","","stock_available_global.model_product_template","Alfanumerico","TIPREG","","","4","1","0","4","4","stock_available_global.model_product_template","True","0","ARPR","","PRT","1"
"","","","","","","","Alfanumerico","ACCION","","","6","5","0","2","2","stock_available_global.model_product_template","True","1","MO","","",""
"","","","","","","","Alfanumerico","ARTREF","product.field_product_template_default_code","","22","7","0","16","16","stock_available_global.model_product_template","True","2","","","",""
"","","","","","","","Alfanumerico","UNITIP","","","26","23","0","4","4","stock_available_global.model_product_template","True","3","UD","","",""
"","","","","","","","Numérico","NUMUNI","","","34","27","3","5","8","stock_available_global.model_product_template","True","4","1","","",""
"","","","","","","","Numérico","CUB","product.field_product_template_volume","","43","35","3","6","9","stock_available_global.model_product_template","False","5","","","",""
"","","","","","","","Numérico","MEDLAR","","","52","44","3","6","9","stock_available_global.model_product_template","False","6","","","",""
"","","","","","","","Numérico","MEDALT","","","60","53","3","6","9","stock_available_global.model_product_template","False","7","","","",""
"","","","","","","","Numérico","MEDANC","","","69","61","3","6","9","stock_available_global.model_product_template","False","8","","","",""
"","","","","","","","Numérico","PESUNI","","","77","70","3","5","8","stock_available_global.model_product_template","False","9","","","",""
"","","","","","","","Numérico","PESINF","","","85","78","3","5","8","stock_available_global.model_product_template","False","10","","","",""
"","","","","","","","Numérico","PESSUP","","","93","86","3","5","8","stock_available_global.model_product_template","False","11","","","",""
"","","","","","","","Numérico","UNIPAL","","","102","94","0","9","9","stock_available_global.model_product_template","False","12","9000","","",""
"","","","","","","","Numérico","BASE","","","107","103","0","5","5","stock_available_global.model_product_template","False","13","2250","","",""
"","","","","","","","Numérico","ALTURA","","","112","108","0","5","5","stock_available_global.model_product_template","False","14","4","","",""
"","","","","","","","Numérico","PESTAR","","","121","113","3","6","9","stock_available_global.model_product_template","False","15","","","",""
"","","","","","","","Alfanumerico","UNIANI","","","122","122","0","1","1","stock_available_global.model_product_template","False","16","N","","",""
"__export__.sgavar_file_17_b0653669","False","123","Eliminación Plantilla","Plantilla de producto","","stock_available_global.model_product_template","Alfanumerico","TIPREG","","","4","1","0","4","4","stock_available_global.model_product_template","True","0","ARPR","","PRT","2"
"","","","","","","","Alfanumerico","ACCION","","","6","5","0","2","2","stock_available_global.model_product_template","True","1","DE","","",""
"","","","","","","","Alfanumerico","ARTREF","product.field_product_template_default_code","","22","7","0","16","16","stock_available_global.model_product_template","True","2","","","",""
"","","","","","","","Alfanumerico","UNITIP","","","26","23","0","4","4","stock_available_global.model_product_template","True","3","UD","","",""
"","","","","","","","Numérico","NUMUNI","","","34","27","3","5","8","stock_available_global.model_product_template","True","4","1","","",""
"","","","","","","","Numérico","CUB","product.field_product_template_volume","","43","35","3","6","9","stock_available_global.model_product_template","False","5","","","",""
"","","","","","","","Numérico","MEDLAR","","","52","44","3","6","9","stock_available_global.model_product_template","False","6","","","",""
"","","","","","","","Numérico","MEDALT","","","60","53","3","6","9","stock_available_global.model_product_template","False","7","","","",""
"","","","","","","","Numérico","MEDANC","","","69","61","3","6","9","stock_available_global.model_product_template","False","8","","","",""
"","","","","","","","Numérico","PESUNI","","","77","70","3","5","8","stock_available_global.model_product_template","False","9","","","",""
"","","","","","","","Numérico","PESINF","","","85","78","3","5","8","stock_available_global.model_product_template","False","10","","","",""
"","","","","","","","Numérico","PESSUP","","","93","86","3","5","8","stock_available_global.model_product_template","False","11","","","",""
"","","","","","","","Numérico","UNIPAL","","","102","94","0","9","9","stock_available_global.model_product_template","False","12","9000","","",""
"","","","","","","","Numérico","BASE","","","107","103","0","5","5","stock_available_global.model_product_template","False","13","2250","","",""
"","","","","","","","Numérico","ALTURA","","","112","108","0","5","5","stock_available_global.model_product_template","False","14","4","","",""
"","","","","","","","Numérico","PESTAR","","","121","113","3","6","9","stock_available_global.model_product_template","False","15","","","",""
"","","","","","","","Alfanumerico","UNIANI","","","122","122","0","1","1","stock_available_global.model_product_template","False","16","N","","",""
"__export__.sgavar_file_18_3356a2ac","False","40","Nuevo barcode","Producto","","stock_available_global.model_product_product","Alfanumerico","TIPREG",""," ","4","1","0","4","4","stock_available_global.model_product_product","True","0","AREA","","TRA","0"
"","","","","","","","Alfanumerico","ACCION",""," ","6","5","0","2","2","stock_available_global.model_product_product","True","1","AG","","",""
"","","","","","","","Alfanumerico","ARTPRIREF","product.field_product_product_default_code"," ","22","7","0","16","16","stock_available_global.model_product_product","True","2","","","",""
"","","","","","","","Alfanumerico","EANCOD","product.field_product_product_barcode"," ","36","23","0","14","14","stock_available_global.model_product_product","True","3","","","",""
"","","","","","","","Alfanumerico","EANTIP",""," ","40","37","0","4","4","stock_available_global.model_product_product","True","4","CPRV","","",""
"__export__.sgavar_file_19_0d32276a","False","40","Modificar barcode","Producto","","stock_available_global.model_product_product","Alfanumerico","TIPREG",""," ","4","1","0","4","4","stock_available_global.model_product_product","True","0","AREA","","TRA","1"
"","","","","","","","Alfanumerico","ACCION",""," ","6","5","0","2","2","stock_available_global.model_product_product","True","1","MO","","",""
"","","","","","","","Alfanumerico","ARTPRIREF","product.field_product_product_default_code"," ","22","7","0","16","16","stock_available_global.model_product_product","True","2","","","",""
"","","","","","","","Alfanumerico","EANCOD","product.field_product_product_barcode"," ","36","23","0","14","14","stock_available_global.model_product_product","True","3","","","",""
"","","","","","","","Alfanumerico","EANTIP",""," ","40","37","0","4","4","stock_available_global.model_product_product","True","4","CPRV","","",""
"__export__.sgavar_file_20_acf18ac9","False","40","Eliminar barcode","Producto","","stock_available_global.model_product_product","Alfanumerico","TIPREG",""," ","4","1","0","4","4","stock_available_global.model_product_product","True","0","AREA","","TRA","2"
"","","","","","","","Alfanumerico","ACCION",""," ","6","5","0","2","2","stock_available_global.model_product_product","True","1","DE","","",""
"","","","","","","","Alfanumerico","ARTPRIREF","product.field_product_product_default_code"," ","22","7","0","16","16","stock_available_global.model_product_product","True","2","","","",""
"","","","","","","","Alfanumerico","EANCOD","product.field_product_product_barcode"," ","36","23","0","14","14","stock_available_global.model_product_product","True","3","","","",""
"","","","","","","","Alfanumerico","EANTIP",""," ","40","37","0","4","4","stock_available_global.model_product_product","True","4","CPRV","","",""
"__export__.sgavar_file_22_4248892b","False","292","Confirmación de expedición, contenidos","Operación de empaquetado","","sga_ulma_integration.model_stock_move_line","Alfanumerico","TIPREG",""," ","4","1","0","4","4","sga_ulma_integration.model_stock_move_line","True","0","CECN","","CEN","0"
"","","","","","","","Alfanumerico","ACCION",""," ","6","5","0","2","2","sga_ulma_integration.model_stock_move_line","True","0","MO","","",""
"","","","","","","","Alfanumerico","EXPORDREF","stock.field_stock_move_line_reference"," ","21","7","0","15","15","sga_ulma_integration.model_stock_move_line","True","1","","","",""
"","","","","","","","Related-Numérico","ALMREF","stock.field_stock_move_line_location_id"," ","30","22","0","9","9","sga_ulma_integration.model_stock_move_line","True","2","id","","",""
"","","","","","","","Related-Numérico","ARTREF","stock.field_stock_move_line_product_id"," ","46","31","0","16","16","sga_ulma_integration.model_stock_move_line","True","3","reference","","",""
"","","","","","","","Related-Alfanumérico","CNTDOREF","stock.field_stock_move_line_result_package_id"," ","64","47","0","18","18","sga_ulma_integration.model_stock_move_line","True","4","name","","",""
"","","","","","","","Alfanumerico","CNTPRO",""," ","68","65","0","4","4","sga_ulma_integration.model_stock_move_line","False","5","","","",""
"","","","","","","","Related-Alfanumérico","TERPROREF","stock_move_apk.field_stock_move_line_partner_id"," ","84","69","0","16","16","sga_ulma_integration.model_stock_move_line","True","6","id","","",""
"","","","","","","","Numérico","CAN","stock.field_stock_move_line_qty_done"," ","93","85","3","6","9","sga_ulma_integration.model_stock_move_line","False","7","","","",""
"","","","","","","","Alfanumerico","TIPUNI",""," ","97","94","0","4","4","sga_ulma_integration.model_stock_move_line","False","8","UD","","",""
"","","","","","","","Numérico","NUMNI","stock.field_stock_move_line_qty_done"," ","105","98","0","8","8","sga_ulma_integration.model_stock_move_line","True","9","1","","",""
"","","","","","","","Related-Alfanumérico","PES","stock.field_stock_move_line_product_id"," ","114","106","3","6","9","sga_ulma_integration.model_stock_move_line","False","10","weight","","",""
"","","","","","","","Numérico","VOL",""," ","123","115","3","6","9","sga_ulma_integration.model_stock_move_line","False","11","","","",""
"","","","","","","","Alfanumerico","CRIROT",""," ","143","124","0","20","20","sga_ulma_integration.model_stock_move_line","False","12","","","",""
"","","","","","","","Fecha","FECCAD",""," ","151","144","0","8","8","sga_ulma_integration.model_stock_move_line","False","13","","","",""
"","","","","","","","Fecha","FECREC","stock.field_stock_move_line_date"," ","159","152","0","8","8","sga_ulma_integration.model_stock_move_line","False","14","","","",""
"","","","","","","","Fecha","FECFAB","stock.field_stock_move_line_date"," ","167","160","0","8","8","sga_ulma_integration.model_stock_move_line","False","15","","","",""
"","","","","","","","Alfanumerico","LOTE",""," ","187","168","0","20","20","sga_ulma_integration.model_stock_move_line","False","16","","","",""
"","","","","","","","Alfanumerico","NUMSERREF",""," ","207","188","0","30","30","sga_ulma_integration.model_stock_move_line","False","17","","","",""
"","","","","","","","Related-Numérico","EXPORDLIN","stock.field_stock_move_line_move_id","","216","208","0","9","9","sga_ulma_integration.model_stock_move_line","False","18","id","","",""
"","","","","","","","Alfanumerico","CNTEXPTIP",""," ","222","217","0","6","6","sga_ulma_integration.model_stock_move_line","False","19","","","",""
"","","","","","","","Alfanumerico","MUELLE",""," ","238","223","0","16","16","sga_ulma_integration.model_stock_move_line","False","20","","","",""
"","","","","","","","Alfanumerico","CNTDORMAT",""," ","258","239","0","20","20","sga_ulma_integration.model_stock_move_line","False","21","","","",""
"","","","","","","","Alfanumerico","PROP",""," ","278","259","0","20","20","sga_ulma_integration.model_stock_move_line","False","22","","","",""
"","","","","","","","Alfanumerico","DIM",""," ","282","279","0","4","4","sga_ulma_integration.model_stock_move_line","False","23","","","",""
"__export__.sgavar_file_36_1897a3c6","False","110","Orden de recepción, líneas","Operación de empaquetado","","sga_ulma_integration.model_stock_move_line","Alfanumerico","TIPREG",""," ","4","1","0","4","4","sga_ulma_integration.model_stock_move_line","True","0","ORLI","","OSL","0"
"","","","","","","","Alfanumerico","ACCION",""," ","6","5","0","2","2","sga_ulma_integration.model_stock_move_line","True","1","MO","","",""
"","","","","","","","Related-Alfanumérico","RECORDREF","stock.field_stock_move_line_picking_id"," ","22","7","0","16","16","sga_ulma_integration.model_stock_move_line","True","2","sga_adaia_picking_name","","",""
"","","","","","","","Related-Numérico","ARTREF","stock.field_stock_move_line_product_id"," ","38","23","0","16","16","sga_ulma_integration.model_stock_move_line","True","3","default_code","","",""
"","","","","","","","Numérico","CANPED","stock.field_stock_move_line_ordered_qty"," ","47","39","0","9","9","sga_ulma_integration.model_stock_move_line","True","4","","","",""
"","","","","","","","Alfanumerico","TIPUNI",""," ","51","48","0","4","4","sga_ulma_integration.model_stock_move_line","True","5","UD","","",""
"","","","","","","","Related-Numérico","NUMUNI","stock.field_stock_move_line_product_uom_id"," ","59","52","0","8","8","sga_ulma_integration.model_stock_move_line","True","6","factor","","",""
"","","","","","","","Alfanumerico","PESPED",""," ","68","60","3","3","6","sga_ulma_integration.model_stock_move_line","False","7","","","",""
"","","","","","","","Numérico","PRECOM",""," ","77","69","2","7","9","sga_ulma_integration.model_stock_move_line","False","8","","","",""
"","","","","","","","Alfanumerico","ADMCANMAY",""," ","78","78","0","1","1","sga_ulma_integration.model_stock_move_line","False","9","S","","",""
"","","","","","","","Alfanumerico","ADMCANMEN",""," ","79","79","0","1","1","sga_ulma_integration.model_stock_move_line","False","10","S","","",""
"","","","","","","","Alfanumerico","IGNCAD",""," ","80","80","0","1","1","sga_ulma_integration.model_stock_move_line","False","11","S","","",""
"","","","","","","","Alfanumerico","CTRCAL",""," ","81","81","0","1","1","sga_ulma_integration.model_stock_move_line","False","12","N","","",""
"","","","","","","","Alfanumerico","RECORDLIN","stock.field_stock_move_line_id"," ","90","82","0","9","9","sga_ulma_integration.model_stock_move_line","False","13","","","",""
"","","","","","","","Alfanumerico","ADMCANMAYPOR",""," ","93","91","0","3","3","sga_ulma_integration.model_stock_move_line","False","14","","","",""
"","","","","","","","Alfanumerico","LOTE","stock.field_stock_move_line_lot_name"," ","103","94","0","20","20","sga_ulma_integration.model_stock_move_line","False","15","","","",""
"__export__.sgavar_file_37_25d6085a","False","0","Batch por picks, recepción","stock.batch.picking","","sga_ulma_integration.model_stock_batch_picking","one2many","DRAFT_PICKINGS","sga_adaia_integration.field_stock_batch_picking_adaia_picking_ids"," ","0","0","0","0","0","sga_ulma_integration.model_stock_batch_picking","True","0","INR","","BPP","0"
"__export__.sgavar_file_38_4eefb65f","False","0","Batch por picks, confirmation","stock.batch.picking","","sga_ulma_integration.model_stock_batch_picking","one2many","DRAFT_PICKINGS","stock_move_selection_wzd.field_stock_batch_picking_draft_picking_ids"," ","0","0","0","0","0","sga_ulma_integration.model_stock_batch_picking","True","0","INR","","BPP","1"
"__export__.sgavar_file_39_94b325e8","False","0","Movimiento de Stock","Movimiento de Stock","","sga_ulma_integration.model_stock_move","one2many","MOVE_LINE_IDS","stock.field_stock_move_move_line_ids"," ","0","0","0","0","0","sga_ulma_integration.model_stock_move","True","0","OSL","","MVL","0"
"__export__.sgavar_file_41_262f912d","False","0","Batch por picks, salida","stock.batch.picking","","sga_ulma_integration.model_stock_batch_picking","one2many","DRAFT_PICKINGS","sga_adaia_integration.field_stock_batch_picking_adaia_picking_ids"," ","0","0","0","0","0","sga_ulma_integration.model_stock_batch_picking","True","0","OUT","","BPO","0"
"__export__.sgavar_file_42_a2c28e95","False","0","Movimiento de Stock, Salida","Movimiento de Stock","","sga_ulma_integration.model_stock_move","one2many","MOVE_LINE_IDS","stock.field_stock_move_move_line_ids"," ","0","0","0","0","0","sga_ulma_integration.model_stock_move","True","0","OLO","","MLO","0"
"__export__.sgavar_file_44_d9a664dc","False","152","Orden de salida, salida","Operación de empaquetado","","sga_ulma_integration.model_stock_move_line","Alfanumerico","TIPREG",""," ","4","1","0","4","4","sga_ulma_integration.model_stock_move_line","True","0","OELI","","OLO","0"
"","","","","","","","Alfanumerico","ACCION",""," ","6","5","0","2","2","sga_ulma_integration.model_stock_move_line","True","1","MO","","",""
"","","","","","","","Related-Alfanumérico","EXPORDREF","stock.field_stock_move_line_picking_id"," ","21","7","0","15","15","sga_ulma_integration.model_stock_move_line","True","2","sga_adaia_picking_name","","",""
"","","","","","","","Numérico","EXPORDLIN","stock.field_stock_move_line_id"," ","30","22","0","9","9","sga_ulma_integration.model_stock_move_line","True","3","","","",""
"","","","","","","","Related-Numérico","ARTREF","stock.field_stock_move_product_id"," ","46","31","0","16","16","sga_ulma_integration.model_stock_move_line","True","4","default_code","","",""
"","","","","","","","Numérico","CANPED","stock.field_stock_move_line_ordered_qty"," ","55","47","0","9","9","sga_ulma_integration.model_stock_move_line","True","5","","","",""
"","","","","","","","Alfanumerico","TIPUNI",""," ","59","56","0","4","4","sga_ulma_integration.model_stock_move_line","True","6","UD","","",""
"","","","","","","","Related-Numérico","NUMUNI","stock.field_stock_move_line_product_uom_id"," ","67","60","0","8","8","sga_ulma_integration.model_stock_move_line","True","7","factor","","",""
"","","","","","","","Alfanumerico","PESPED",""," ","76","68","3","6","9","sga_ulma_integration.model_stock_move_line","False","8","","","",""
"","","","","","","","Alfanumerico","PREVEN",""," ","85","77","2","7","9","sga_ulma_integration.model_stock_move_line","False","9","","","",""
"","","","","","","","Alfanumerico","OBS",""," ","125","86","0","40","40","sga_ulma_integration.model_stock_move_line","False","10","","","",""
"","","","","","","","Alfanumerico","LOTE",""," ","145","126","0","20","20","sga_ulma_integration.model_stock_move_line","False","11","","","",""
"","","","","","","","Alfanumerico","KIT",""," ","146","146","0","1","1","sga_ulma_integration.model_stock_move_line","False","12","N","","",""
"","","","","","","","Alfanumerico","VIDAUTILMIN",""," ","149","147","0","3","3","sga_ulma_integration.model_stock_move_line","False","13","","","",""
"","","","","","","","Alfanumerico","VIDAUTILMAX",""," ","152","150","0","3","3","sga_ulma_integration.model_stock_move_line","False","14","","","",""
"__export__.sgavar_file_103_8a9a9975","False","110","Orden de recepción, líneas","Operación de empaquetado","","sga_ulma_integration.model_stock_move_line","Alfanumerico","TIPREG",""," ","4","1","0","4","4","sga_ulma_integration.model_stock_move_line","True","0","CRLI","","OIN","0"
"","","","","","","","Alfanumerico","ACCION",""," ","6","5","0","2","2","sga_ulma_integration.model_stock_move_line","True","1","MO","","",""
"","","","","","","","Related-Alfanumérico","RECORDREF","stock.field_stock_move_line_picking_id"," ","22","7","0","16","16","sga_ulma_integration.model_stock_move_line","True","2","sga_adaia_picking_name","","",""
"","","","","","","","Related-Numérico","ARTREF","stock.field_stock_move_line_product_id"," ","38","23","0","16","16","sga_ulma_integration.model_stock_move_line","True","3","default_code","","",""
"","","","","","","","Numérico","CANREC","stock.field_stock_move_line_ordered_qty"," ","47","39","0","9","9","sga_ulma_integration.model_stock_move_line","True","4","","","",""
"","","","","","","","Alfanumerico","TIPUNI",""," ","51","48","0","4","4","sga_ulma_integration.model_stock_move_line","True","5","UD","","",""
"","","","","","","","Alfanumerico","PESREC",""," ","68","52","3","3","6","sga_ulma_integration.model_stock_move_line","False","7","","","",""
"","","","","","","","Numérico","PRECOM",""," ","77","58","2","7","9","sga_ulma_integration.model_stock_move_line","False","8","","","",""
"","","","","","","","Alfanumerico","PESPRO",""," ","78","67","0","1","1","sga_ulma_integration.model_stock_move_line","False","9","","","",""
"","","","","","","","Alfanumerico","RECORDLIN","stock.field_stock_move_line_id"," ","90","68","0","9","9","sga_ulma_integration.model_stock_move_line","False","10","","","",""
"","","","","","","","Alfanumerico","LOTE","stock.field_stock_move_line_lot_name"," ","103","77","0","20","20","sga_ulma_integration.model_stock_move_line","False","11","","","",""
"","","","","","","","Alfanumerico","INCIDENCIA",""," ","79","97","0","1","1","sga_ulma_integration.model_stock_move_line","False","12","S","","",""
"__export__.sgavar_file_104_9e8d820e","False","0","Movimiento de Stock","Movimiento de Stock","","sga_ulma_integration.model_stock_move","one2many","MOVE_LINE_IDS","stock.field_stock_move_move_line_ids"," ","0","0","0","0","0","sga_ulma_integration.model_stock_move","True","0","OIN","","MIN","1"
"__export__.sgavar_file_105_6b050dd1","False","166","Línea de fabricación","Operación de empaquetado","","sga_ulma_integration.model_stock_picking","Alfanumerico","TIPREG",""," ","4","1","0","4","4","sga_ulma_integration.model_stock_picking","True","'-14","UNIT","","UNL","0"
"","","","","","","","Alfanumerico","ACCION",""," ","6","5","0","2","2","sga_ulma_integration.model_stock_picking","True","'-13","AG","","",""
"","","","","","","","Alfanumerico","SSCC",""," ","25","7","0","18","18","sga_ulma_integration.model_stock_picking","False","'-12","","","",""
"","","","","","","","Related-Alfanumérico","ARTREF","stock.field_stock_picking_product_id"," ","41","26","0","16","16","sga_ulma_integration.model_stock_picking","True","'-11","default_code","","",""
"","","","","","","","Alfanumerico","LOTE","","","61","42","0","20","20","sga_ulma_integration.model_stock_picking","False","'-10"," ","","",""
"","","","","","","","Numérico","CAN","stock.field_stock_move_line_qty_done"," ","70","62","0","9","9","sga_ulma_integration.model_stock_picking","True","'-9","","","",""
"","","","","","","","Alfanumerico","TIPUNI",""," ","74","71","0","4","4","sga_ulma_integration.model_stock_picking","False","'-8","","","",""
"","","","","","","","Alfanumerico","NUMUNI",""," ","82","75","0","8","8","sga_ulma_integration.model_stock_picking","False","'-7","","","",""
"","","","","","","","Alfanumerico","ROTACION",""," ","90","83","0","8","8","sga_ulma_integration.model_stock_picking","False","'-6","","","",""
"","","","","","","","Alfanumerico","ORIGEN",""," ","96","91","0","16","16","sga_ulma_integration.model_stock_picking","False","'-5","","","",""
"","","","","","","","Alfanumerico","DESTINO",""," ","112","97","0","16","16","sga_ulma_integration.model_stock_picking","False","'-4","","","",""
"","","","","","","","Alfanumerico","DIMCOD",""," ","116","113","0","4","4","sga_ulma_integration.model_stock_picking","False","'-3","","","",""
"","","","","","","","Alfanumerico","TERREFRES",""," ","132","117","0","16","16","sga_ulma_integration.model_stock_picking","False","'-2","","","",""
"","","","","","","","Alfanumerico","TERPROREF",""," ","148","133","0","16","16","sga_ulma_integration.model_stock_picking","False","'-1","","","",""
"","","","","","","","Alfanumerico","PES",""," ","157","149","3","6","9","sga_ulma_integration.model_stock_picking","False","0","","","",""
"__export__.sgavar_file_106_727787bd","False","0","Entrada de producción","Operación de empaquetado","","sga_ulma_integration.model_stock_picking","one2many","MOVE_LINES","stock.field_stock_picking_move_line_ids"," ","0","0","0","0","0","sga_ulma_integration.model_stock_picking","True","0","UNL","","UNT","0"
