ID externo,Adaia Type,Campo Adaia,Campo Odoo (si existe),Caracter de relleno,Display Name,Fin cadena,Inicio cadena,L. Decimal,L. Entera,Longitud,Obligatorio,Odoo Model,Sequence,Sga File,V. por defecto
__export__.sgavar_file_var_1_e9e693de,Alfanumerico,TIPEREG,, ,TIPEREG,4,1,0,4,4,True,mrp_bom_phantom_fix.model_stock_picking,0,1,ORCA
__export__.sgavar_file_var_568_1cdd59bf,Alfanumerico,TIPREG,, ,TIPREG,4,1,0,4,4,True,mrp_bom_phantom_fix.model_stock_picking,0,2,CRCA
__export__.sgavar_file_var_600_1a1a4774,Alfanumerico,TIPREF,, ,TIPREF,4,1,0,4,4,True,mrp_bom_phantom_fix.model_stock_picking,0,4,CECA
__export__.sgavar_file_var_616_2c21c95d,Alfanumerico,TIPREG,, ,TIPREG,4,1,0,4,4,True,mrp.model_stock_move_line,0,5,ORLI
__export__.sgavar_file_var_632_b376b9a5,Alfanumerico,TIPREG,, ,TIPREG,4,1,0,4,4,True,mrp.model_stock_move_line,0,6,CRLI
__export__.sgavar_file_var_644_dab0b21c,Alfanumerico,TIPREG,, ,TIPREG,4,1,0,4,4,True,mrp.model_stock_move_line,0,7,OELI
__export__.sgavar_file_var_711_242cc1f9,Alfanumerico,TIPREG,, ,TIPREG,4,1,0,4,4,True,mrp.model_stock_move_line,0,8,CELI
__export__.sgavar_file_var_722_9da5b58c,Alfanumerico,TIPREG,, ,TIPREG,4,1,0,4,4,True,rappel.model_res_partner,0,9,TE 
__export__.sgavar_file_var_782_72d46038,Alfanumerico,TIPREG,, ,TIPREG,4,1,0,4,4,True,rappel.model_res_partner,0,10,TE 
__export__.sgavar_file_var_852_b42ca0bb,Alfanumerico,TIPREG,, ,TIPREG,4,1,0,4,4,True,rappel.model_res_partner,0,11,TE 
__export__.sgavar_file_var_875_f5b04cb9,Alfanumerico,TIPREG,, ,TIPREG,4,1,0,4,4,True,mrp.model_product_product,0,12,AR 
__export__.sgavar_file_var_911_1d8e2a02,Alfanumerico,TIPREG,, ,TIPREG,4,1,0,4,4,True,mrp.model_product_product,0,13,AR 
__export__.sgavar_file_var_947_3adbe2f9,Alfanumerico,TIPREG,, ,TIPREG,4,1,0,4,4,True,mrp.model_product_product,0,14,AR 
__export__.sgavar_file_var_983_34cb4bd3,Alfanumerico,TIPREG,, ,TIPREG,4,1,0,4,4,True,mrp.model_product_template,0,15,ARPR
__export__.sgavar_file_var_1000_1df4c78d,Alfanumerico,TIPREG,,,TIPREG,4,1,0,4,4,True,mrp.model_product_template,0,16,ARPR
__export__.sgavar_file_var_1017_72d5ffc6,Alfanumerico,TIPREG,,,TIPREG,4,1,0,4,4,True,mrp.model_product_template,0,17,ARPR
__export__.sgavar_file_var_1034_5efef933,Alfanumerico,TIPREG,, ,TIPREG,4,1,0,4,4,True,mrp.model_product_product,0,18,AREA
__export__.sgavar_file_var_1039_a0289af0,Alfanumerico,TIPREG,, ,TIPREG,4,1,0,4,4,True,mrp.model_product_product,0,19,AREA
__export__.sgavar_file_var_1044_edda8d17,Alfanumerico,TIPREG,, ,TIPREG,4,1,0,4,4,True,mrp.model_product_product,0,20,AREA
__export__.sgavar_file_var_1051_e616de67,Alfanumerico,TIPREG,, ,TIPREG,4,1,0,4,4,True,stock.model_stock_quant,0,21,ARUB
__export__.sgavar_file_var_1087_518bfd85,Alfanumerico,TIPREG,, ,TIPREG,4,1,0,4,4,True,mrp.model_stock_move_line,0,22,CECN
__export__.sgavar_file_var_1088_433e4f22,Alfanumerico,ACCION,, ,ACCION,6,5,0,2,2,True,mrp.model_stock_move_line,0,22,MO
__export__.sgavar_file_var_1113_568e5b46,one2many,QUANT_IDS,stock.field_product_product_stock_quant_ids, ,QUANT_IDS,0,0,0,0,0,True,mrp.model_product_product,0,23,TUB
__export__.sgavar_file_var_3_7f9ce4be,Alfanumerico,ACCION,, ,ACCION,6,5,0,2,2,True,mrp_bom_phantom_fix.model_stock_picking,1,1,AG
__export__.sgavar_file_var_570_0a45c89e,Alfanumerico,ACCION,, ,ACCION,6,5,0,2,2,True,mrp_bom_phantom_fix.model_stock_picking,1,2,AG
__export__.sgavar_file_var_582_6fb5e32f,Alfanumerico,TIPREG,, ,TIPREG,4,1,0,4,4,True,mrp_bom_phantom_fix.model_stock_picking,1,3,OECA
__export__.sgavar_file_var_602_369662cd,Alfanumerico,ACCION,, ,ACCION,6,5,0,2,2,True,mrp_bom_phantom_fix.model_stock_picking,1,4,MO
__export__.sgavar_file_var_617_52f6f4f2,Alfanumerico,ACCION,, ,ACCION,6,5,0,2,2,True,mrp.model_stock_move_line,1,5,AG
__export__.sgavar_file_var_633_a326107c,Alfanumerico,ACCION,, ,ACCION,6,5,0,2,2,True,mrp.model_stock_move_line,1,6,AG
__export__.sgavar_file_var_645_ad28f32a,Alfanumerico,ACCION,, ,ACCION,6,5,0,2,2,True,mrp.model_stock_move_line,1,7,AG
__export__.sgavar_file_var_712_919e1d13,Alfanumerico,ACCION,, ,ACCION,6,5,0,2,2,True,mrp.model_stock_move_line,1,8,AG
__export__.sgavar_file_var_723_3ad5ee2d,Alfanumerico,ACCION,, ,ACCION,6,5,0,2,2,True,rappel.model_res_partner,1,9,AG
__export__.sgavar_file_var_783_a03f4f27,Alfanumerico,ACCION,, ,ACCION,6,5,0,2,2,True,rappel.model_res_partner,1,10,MO
__export__.sgavar_file_var_853_a93dfc48,Alfanumerico,ACCION,, ,ACCION,6,5,0,2,2,True,rappel.model_res_partner,1,11,DE
__export__.sgavar_file_var_876_710cdf51,Alfanumerico,ACCION,, ,ACCION,6,5,0,2,2,True,mrp.model_product_product,1,12,AG
__export__.sgavar_file_var_912_3509cdc6,Alfanumerico,ACCION,, ,ACCION,6,5,0,2,2,True,mrp.model_product_product,1,13,MO
__export__.sgavar_file_var_948_121e7e7b,Alfanumerico,ACCION,, ,ACCION,6,5,0,2,2,True,mrp.model_product_product,1,14,DE
__export__.sgavar_file_var_984_95430c35,Alfanumerico,ACCION,, ,ACCION,6,5,0,2,2,True,mrp.model_product_template,1,15,AG
__export__.sgavar_file_var_1001_78e1a58c,Alfanumerico,ACCION,,,ACCION,6,5,0,2,2,True,mrp.model_product_template,1,16,MO
__export__.sgavar_file_var_1018_d0a42366,Alfanumerico,ACCION,,,ACCION,6,5,0,2,2,True,mrp.model_product_template,1,17,DE
__export__.sgavar_file_var_1038_4d493e86,Alfanumerico,ACCION,, ,ACCION,6,5,0,2,2,True,mrp.model_product_product,1,18,AG
__export__.sgavar_file_var_1040_51e7b758,Alfanumerico,ACCION,, ,ACCION,6,5,0,2,2,True,mrp.model_product_product,1,19,MO
__export__.sgavar_file_var_1045_4d45cebc,Alfanumerico,ACCION,, ,ACCION,6,5,0,2,2,True,mrp.model_product_product,1,20,DE
__export__.sgavar_file_var_1050_7537a5f6,Alfanumerico,ACCION,, ,ACCION,6,5,0,2,2,True,stock.model_stock_quant,1,21,AG
__export__.sgavar_file_var_1089_daa96e8b,Alfanumerico,EXPORDREF,stock.field_stock_move_line_reference, ,EXPORDREF,21,7,0,15,15,True,mrp.model_stock_move_line,1,22,
__export__.sgavar_file_var_556_73903ca4,Alfanumerico,RECORDREF,stock.field_stock_picking_name, ,RECORDREF,22,7,0,16,16,True,mrp_bom_phantom_fix.model_stock_picking,2,1,
__export__.sgavar_file_var_571_e75f5986,Numerico,RECCOD,stock.field_stock_picking_name, ,RECCOD,15,7,0,9,9,True,mrp_bom_phantom_fix.model_stock_picking,2,2,
__export__.sgavar_file_var_583_5ff88451,Alfanumerico,ACCION,, ,ACCION,6,5,0,2,2,True,mrp_bom_phantom_fix.model_stock_picking,2,3,AG
__export__.sgavar_file_var_603_7e1ff00d,Alfanumerico,EXPORDREF,stock.field_stock_picking_name, ,EXPORDREF,21,7,0,15,15,True,mrp_bom_phantom_fix.model_stock_picking,2,4,
__export__.sgavar_file_var_618_5137a78d,Alfanumerico,RECORDREF,stock.field_stock_move_line_reference, ,RECORDREF,22,7,0,16,16,True,mrp.model_stock_move_line,2,5,
__export__.sgavar_file_var_634_51501013,Alfanumerico,RECORDREF,stock.field_stock_move_line_reference, ,RECORDREF,22,7,0,16,16,True,mrp.model_stock_move_line,2,6,
__export__.sgavar_file_var_646_dba4da85,Alfanumerico,EXPORDREF,stock.field_stock_move_line_reference, ,EXPORDREF,21,7,0,15,15,True,mrp.model_stock_move_line,2,7,
__export__.sgavar_file_var_713_11dcc9eb,Alfanumerico,EXPORDREF,stock.field_stock_move_line_reference, ,EXPORDREF,21,7,0,15,15,True,mrp.model_stock_move_line,2,8,
__export__.sgavar_file_var_724_0b2b441d,Alfanumerico,TERREF,base.field_res_partner_ref, ,TERREF,22,7,0,16,16,True,rappel.model_res_partner,2,9,
__export__.sgavar_file_var_789_2d81d6ab,Alfanumerico,TERREF,base.field_res_partner_ref, ,TERREF,22,7,0,16,16,True,rappel.model_res_partner,2,10,
__export__.sgavar_file_var_854_1a1addfc,Alfanumerico,TERREF,base.field_res_partner_ref, ,TERREF,22,7,0,16,16,True,rappel.model_res_partner,2,11,
__export__.sgavar_file_var_877_df1daf8c,Alfanumerico,ARTREF,product.field_product_template_default_code, ,ARTREF,22,7,0,16,16,True,mrp.model_product_product,2,12,
__export__.sgavar_file_var_913_c9917097,Alfanumerico,ARTREF,product.field_product_template_default_code, ,ARTREF,22,7,0,16,16,True,mrp.model_product_product,2,13,
__export__.sgavar_file_var_949_f9a22a48,Alfanumerico,ARTREF,product.field_product_template_default_code, ,ARTREF,22,7,0,16,16,True,mrp.model_product_product,2,14,
__export__.sgavar_file_var_985_ce2cb31e,Alfanumerico,ARTREF,product.field_product_template_default_code, ,ARTREF,22,7,0,16,16,True,mrp.model_product_template,2,15,
__export__.sgavar_file_var_1002_2bee76a3,Alfanumerico,ARTREF,product.field_product_template_default_code,,ARTREF,22,7,0,16,16,True,mrp.model_product_template,2,16,
__export__.sgavar_file_var_1019_07e9e54f,Alfanumerico,ARTREF,product.field_product_template_default_code,,ARTREF,22,7,0,16,16,True,mrp.model_product_template,2,17,
__export__.sgavar_file_var_1036_b8ecf993,Alfanumerico,ARTPRIREF,product.field_product_product_default_code, ,ARTPRIREF,22,7,0,16,16,True,mrp.model_product_product,2,18,
__export__.sgavar_file_var_1041_8e44a668,Alfanumerico,ARTPRIREF,product.field_product_product_default_code, ,ARTPRIREF,22,7,0,16,16,True,mrp.model_product_product,2,19,
__export__.sgavar_file_var_1046_f90fc93d,Alfanumerico,ARTPRIREF,product.field_product_product_default_code, ,ARTPRIREF,22,7,0,16,16,True,mrp.model_product_product,2,20,
__export__.sgavar_file_var_1049_5a3f4dde,Related-Alfanumérico,ARTREF,stock.field_stock_quant_product_id, ,ARTREF,22,7,0,16,16,True,stock.model_stock_quant,2,21,default_code
__export__.sgavar_file_var_1090_fb96c86f,Related-Numérico,ALMREF,stock.field_stock_move_line_location_id, ,ALMREF,30,22,0,9,9,True,mrp.model_stock_move_line,2,22,id
__export__.sgavar_file_var_557_8b6b0e20,Related-Alfanumérico,ALMREF,stock.field_stock_picking_location_dest_id, ,ALMREF,24,23,0,2,2,True,mrp_bom_phantom_fix.model_stock_picking,3,1,id
__export__.sgavar_file_var_572_325b52ce,Related-Numérico,ALMREF,stock.field_stock_picking_location_dest_id, ,ALMREF,17,16,0,2,2,True,mrp_bom_phantom_fix.model_stock_picking,3,2,id
__export__.sgavar_file_var_584_7b43f07a,Alfanumerico,EXPORDREF,stock.field_stock_picking_name, ,EXPORDREF,21,7,0,15,15,True,mrp_bom_phantom_fix.model_stock_picking,3,3,
__export__.sgavar_file_var_604_565bdd97,Related-Numérico,ALMREF,stock.field_stock_picking_location_id, ,ALMREF,23,22,0,2,2,True,mrp_bom_phantom_fix.model_stock_picking,3,4,id
__export__.sgavar_file_var_619_1a49ce0f,Alfanumerico,ARTREF,, ,ARTREF,38,23,0,16,16,True,mrp.model_stock_move_line,3,5,
__export__.sgavar_file_var_635_9b906b1b,Alfanumerico,ARTREF,, ,ARTREF,38,23,0,16,16,True,mrp.model_stock_move_line,3,6,
__export__.sgavar_file_var_647_70eb599c,Numerico,EXPORDLIN,stock.field_stock_move_line_id, ,EXPORDLIN,30,22,0,9,9,False,mrp.model_stock_move_line,3,7,
__export__.sgavar_file_var_714_8bc77521,Numerico,EXPORDLIN,stock.field_stock_move_line_id, ,EXPORDLIN,30,22,0,9,9,True,mrp.model_stock_move_line,3,8,
__export__.sgavar_file_var_725_424130f0,Alfanumerico,TERDES,base.field_res_partner_name, ,TERDES,62,23,0,40,40,True,rappel.model_res_partner,3,9,
__export__.sgavar_file_var_790_b8071717,Alfanumerico,TERDES,base.field_res_partner_name, ,TERDES,62,23,0,40,40,True,rappel.model_res_partner,3,10,
__export__.sgavar_file_var_855_bbc178bf,Alfanumerico,TERDES,base.field_res_partner_name, ,TERDES,62,23,0,40,40,True,rappel.model_res_partner,3,11,
__export__.sgavar_file_var_878_344a1b80,Alfanumerico,ARTDES,product.field_product_template_name, ,ARTDES,62,23,0,40,40,True,mrp.model_product_product,3,12,
__export__.sgavar_file_var_914_1124088f,Alfanumerico,ARTDES,product.field_product_template_name, ,ARTDES,62,23,0,40,40,True,mrp.model_product_product,3,13,
__export__.sgavar_file_var_950_e6ac939b,Alfanumerico,ARTDES,product.field_product_template_name, ,ARTDES,62,23,0,40,40,True,mrp.model_product_product,3,14,
__export__.sgavar_file_var_986_62e7c633,Alfanumerico,UNITIP,, ,UNITIP,26,23,0,4,4,True,mrp.model_product_template,3,15,UD
__export__.sgavar_file_var_1003_afe08033,Alfanumerico,UNITIP,,,UNITIP,26,23,0,4,4,True,mrp.model_product_template,3,16,UD
__export__.sgavar_file_var_1020_6562eb74,Alfanumerico,UNITIP,,,UNITIP,26,23,0,4,4,True,mrp.model_product_template,3,17,UD
__export__.sgavar_file_var_1037_b7590338,Alfanumerico,EANCOD,product.field_product_product_barcode, ,EANCOD,36,23,0,14,14,True,mrp.model_product_product,3,18,
__export__.sgavar_file_var_1042_d93aed58,Alfanumerico,EANCOD,product.field_product_product_barcode, ,EANCOD,36,23,0,14,14,True,mrp.model_product_product,3,19,
__export__.sgavar_file_var_1047_ad28071e,Alfanumerico,EANCOD,product.field_product_product_barcode, ,EANCOD,36,23,0,14,14,True,mrp.model_product_product,3,20,
__export__.sgavar_file_var_1052_1c366f40,Related-Alfanumérico,ALMREF,stock.field_product_product_location_id, ,ALMREF,24,23,0,2,2,True,stock.model_stock_quant,3,21,id
__export__.sgavar_file_var_1091_d47e0fea,Related-Numérico,ARTREF,stock.field_stock_move_line_product_id, ,ARTREF,46,31,0,16,16,True,mrp.model_stock_move_line,3,22,reference
__export__.sgavar_file_var_558_5c5846d0,Related-Alfanumérico,TERREF,stock.field_stock_picking_partner_id, ,TERREF,40,25,0,16,16,True,mrp_bom_phantom_fix.model_stock_picking,4,1,id
__export__.sgavar_file_var_573_b547d03a,Alfanumerico,RECORDREF,stock.field_stock_picking_name, ,RECORDREF,33,18,0,16,16,True,mrp_bom_phantom_fix.model_stock_picking,4,2,
__export__.sgavar_file_var_585_3401c89c,Related-Numérico,ALMREF,stock.field_stock_picking_location_id, ,ALMREF,23,22,0,2,2,True,mrp_bom_phantom_fix.model_stock_picking,4,3,id
__export__.sgavar_file_var_605_00359abb,Related-Alfanumérico,TERREF,stock.field_stock_picking_company_id, ,TERREF,39,24,0,16,16,True,mrp_bom_phantom_fix.model_stock_picking,4,4,id
__export__.sgavar_file_var_620_04c1127f,Numerico,CANPED,stock.field_stock_move_line_ordered_qty, ,CANPED,47,39,0,9,9,True,mrp.model_stock_move_line,4,5,
__export__.sgavar_file_var_636_a5777eaa,Related-Numérico,CANREC,stock.field_stock_move_line_product_uom_id, ,CANREC,47,39,0,9,9,True,mrp.model_stock_move_line,4,6,factor
__export__.sgavar_file_var_648_42d9bffb,Alfanumerico,ARTREF,, ,ARTREF,46,31,0,16,16,True,mrp.model_stock_move_line,4,7,
__export__.sgavar_file_var_715_51f32d0e,Related-Numérico,ARTREF,stock.field_stock_move_line_product_id, ,ARTREF,46,31,0,16,16,True,mrp.model_stock_move_line,4,8,reference
__export__.sgavar_file_var_726_e291b293,Alfanumerico,TERPRIREF,, ,TERPRIREF,78,63,0,16,16,False,rappel.model_res_partner,4,9,
__export__.sgavar_file_var_791_615e638d,Alfanumerico,TERPRIREF,, ,TERPRIREF,78,63,0,16,16,False,rappel.model_res_partner,4,10,
__export__.sgavar_file_var_859_629fb783,Alfanumerico,TERPRIREF,, ,TERPRIREF,78,63,0,16,16,False,rappel.model_res_partner,4,11,
__export__.sgavar_file_var_879_3d494ae3,Alfanumerico,ARTPRIREF,, ,ARTPRIREF,78,63,0,16,16,False,mrp.model_product_product,4,12,
__export__.sgavar_file_var_915_b73d3e29,Alfanumerico,ARTPRIREF,, ,ARTPRIREF,78,63,0,16,16,False,mrp.model_product_product,4,13,
__export__.sgavar_file_var_951_9218bba9,Alfanumerico,ARTPRIREF,, ,ARTPRIREF,78,63,0,16,16,False,mrp.model_product_product,4,14,
__export__.sgavar_file_var_987_a4618ea6,Numerico,NUMUNI,, ,NUMUNI,34,27,0,8,8,True,mrp.model_product_template,4,15,1
__export__.sgavar_file_var_1004_cf9112ae,Numerico,NUMUNI,,,NUMUNI,34,27,3,5,8,True,mrp.model_product_template,4,16,1
__export__.sgavar_file_var_1021_7023bdfe,Numerico,NUMUNI,,,NUMUNI,34,27,3,5,8,True,mrp.model_product_template,4,17,1
__export__.sgavar_file_var_1035_b3b1ea1c,Alfanumerico,EANTIP,, ,EANTIP,40,37,0,4,4,True,mrp.model_product_product,4,18,CPRV
__export__.sgavar_file_var_1043_5eefa9aa,Alfanumerico,EANTIP,, ,EANTIP,40,37,0,4,4,True,mrp.model_product_product,4,19,CPRV
__export__.sgavar_file_var_1048_76e28e0f,Alfanumerico,EANTIP,, ,EANTIP,40,37,0,4,4,True,mrp.model_product_product,4,20,CPRV
__export__.sgavar_file_var_1059_693a7f23,Alfanumerico,ZONUBIREF,, ,ZONUBIREF,28,25,0,4,4,False,stock.model_stock_quant,4,21,
__export__.sgavar_file_var_1092_63266f5d,Related-Alfanumérico,CNTDOREF,stock.field_stock_move_line_result_package_id, ,CNTDOREF,64,47,0,18,18,True,mrp.model_stock_move_line,4,22,name
__export__.sgavar_file_var_559_69f4b43a,Related-Alfanumérico,TERPROREF,stock.field_stock_picking_partner_id, ,TERPROREF,56,41,0,16,16,True,mrp_bom_phantom_fix.model_stock_picking,5,1,id
__export__.sgavar_file_var_574_f0662995,Related-Alfanumérico,TERREF,stock.field_stock_picking_partner_id, ,TERREF,49,34,0,16,16,True,mrp_bom_phantom_fix.model_stock_picking,5,2,id
__export__.sgavar_file_var_586_2607cc8c,Related-Alfanumérico,TERREF,stock.field_stock_picking_partner_id, ,TERREF,39,24,0,16,16,True,mrp_bom_phantom_fix.model_stock_picking,5,3,id
__export__.sgavar_file_var_606_cf1f2606,Alfanumerico,TERPROREF,, ,TERPROREF,55,40,0,16,16,False,mrp_bom_phantom_fix.model_stock_picking,5,4,
__export__.sgavar_file_var_621_9d874f9f,Alfanumerico,TIPUNI,, ,TIPUNI,51,48,0,4,4,True,mrp.model_stock_move_line,5,5,UD
__export__.sgavar_file_var_637_95c5cde5,Alfanumerico,TIPUNI,, ,TIPUNI,51,48,0,4,4,True,mrp.model_stock_move_line,5,6,UD
__export__.sgavar_file_var_649_a4eddd3a,Numerico,CANPED,stock.field_stock_move_line_ordered_qty, ,CANPED,55,47,0,9,9,True,mrp.model_stock_move_line,5,7,
__export__.sgavar_file_var_716_0d746ab9,Alfanumerico,CANPED,stock.field_stock_move_line_ordered_qty, ,CANPED,55,47,0,9,9,True,mrp.model_stock_move_line,5,8,
__export__.sgavar_file_var_733_93d9c7a4,Alfanumerico,ALIAS,base.field_res_partner_display_name, ,ALIAS,90,79,0,12,12,True,rappel.model_res_partner,5,9,
__export__.sgavar_file_var_792_8af6c1e4,Alfanumerico,ALIAS,base.field_res_partner_display_name, ,ALIAS,90,79,0,12,12,True,rappel.model_res_partner,5,10,
__export__.sgavar_file_var_860_1a2d4b63,Alfanumerico,ALIAS,base.field_res_partner_display_name, ,ALIAS,90,79,0,12,12,True,rappel.model_res_partner,5,11,
__export__.sgavar_file_var_880_f70f0366,Alfanumerico,ROTTIP,, ,ROTTIP,82,79,0,4,4,True,mrp.model_product_product,5,12,FE
__export__.sgavar_file_var_916_c03cf278,Alfanumerico,ROTTIP,, ,ROTTIP,82,79,0,4,4,True,mrp.model_product_product,5,13,FE
__export__.sgavar_file_var_952_51931ef5,Alfanumerico,ROTTIP,, ,ROTTIP,82,79,0,4,4,True,mrp.model_product_product,5,14,FE
__export__.sgavar_file_var_988_5cfaec2b,Numerico,CUB,product.field_product_template_volume, ,CUB,43,35,3,6,9,False,mrp.model_product_template,5,15,
__export__.sgavar_file_var_1005_bbea45fd,Numerico,CUB,product.field_product_template_volume,,CUB,43,35,3,6,9,False,mrp.model_product_template,5,16,
__export__.sgavar_file_var_1022_039ff1a8,Numerico,CUB,product.field_product_template_volume,,CUB,43,35,3,6,9,False,mrp.model_product_template,5,17,
__export__.sgavar_file_var_1058_85304f46,Alfanumerico,UBIREF,, ,UBIREF,44,29,0,16,16,False,stock.model_stock_quant,5,21,
__export__.sgavar_file_var_1093_71442b80,Alfanumerico,CNTPRO,, ,CNTPRO,68,65,0,4,4,False,mrp.model_stock_move_line,5,22,
__export__.sgavar_file_var_560_a053110a,Alfanumerico,RECORDTIP,, ,RECORDTIP,60,57,0,4,4,True,mrp_bom_phantom_fix.model_stock_picking,6,1,ENPR
__export__.sgavar_file_var_575_f571dfa3,Related-Alfanumérico,TERPROREF,stock.field_stock_picking_partner_id, ,TERPROREF,65,50,0,16,16,True,mrp_bom_phantom_fix.model_stock_picking,6,2,id
__export__.sgavar_file_var_587_e15dc7d5,Alfanumerico,TERPROREF,, ,TERPROREF,55,40,0,16,16,False,mrp_bom_phantom_fix.model_stock_picking,6,3,
__export__.sgavar_file_var_607_2ef0be44,Alfanumerico,EXPORDTIP,, ,EXPORDTIP,59,56,0,4,4,False,mrp_bom_phantom_fix.model_stock_picking,6,4,
__export__.sgavar_file_var_622_d67291e6,Related-Numérico,NUMUNI,stock.field_stock_move_line_product_uom_id, ,NUMUNI,59,52,0,8,8,True,mrp.model_stock_move_line,6,5,factor
__export__.sgavar_file_var_638_0a6d3159,Related-Numérico,PESREC,product.field_product_product_weight, ,PESREC,60,52,3,6,9,False,mrp.model_stock_move_line,6,6,weight
__export__.sgavar_file_var_650_7502333e,Alfanumerico,TIPUNI,, ,TIPUNI,59,56,0,4,4,True,mrp.model_stock_move_line,6,7,UD
__export__.sgavar_file_var_717_f0fc833a,Alfanumerico,CANSER,stock.field_stock_move_line_product_qty, ,CANSER,64,56,0,9,9,True,mrp.model_stock_move_line,6,8,
__export__.sgavar_file_var_756_6361a08c,Alfanumerico,TERORI,sga_adaia_integration.field_res_partner_partner_type, ,TERORI,94,91,0,4,4,True,rappel.model_res_partner,6,9,
__export__.sgavar_file_var_838_ee7c5c1a,Alfanumerico,TERORI,sga_adaia_integration.field_res_partner_partner_type, ,TERORI,94,91,0,4,4,True,rappel.model_res_partner,6,10,
__export__.sgavar_file_var_861_565452d9,Alfanumerico,TERORI,sga_adaia_integration.field_res_partner_partner_type, ,TERORI,94,91,0,4,4,True,rappel.model_res_partner,6,11,
__export__.sgavar_file_var_881_a418352c,Alfanumerico,DIACAD,, ,DIACAD,87,83,0,5,5,False,mrp.model_product_product,6,12,
__export__.sgavar_file_var_917_8440826e,Alfanumerico,DIACAD,, ,DIACAD,87,83,0,5,5,False,mrp.model_product_product,6,13,
__export__.sgavar_file_var_953_5ab6ec8b,Alfanumerico,DIACAD,, ,DIACAD,87,83,0,5,5,False,mrp.model_product_product,6,14,
__export__.sgavar_file_var_989_bf2f2606,Numerico,MEDLAR,, ,MEDLAR,52,44,3,6,9,False,mrp.model_product_template,6,15,
__export__.sgavar_file_var_1006_88558594,Numerico,MEDLAR,,,MEDLAR,52,44,3,6,9,False,mrp.model_product_template,6,16,
__export__.sgavar_file_var_1023_df265ef6,Numerico,MEDLAR,,,MEDLAR,52,44,3,6,9,False,mrp.model_product_template,6,17,
__export__.sgavar_file_var_1057_0664eed9,Alfanumerico,ZONPICREF,, ,ZONPICREF,48,45,0,4,4,False,stock.model_stock_quant,6,21,
__export__.sgavar_file_var_1094_7346ae03,Related-Alfanumérico,TERPROREF,stock_move_apk.field_stock_move_line_partner_id, ,TERPROREF,84,69,0,16,16,True,mrp.model_stock_move_line,6,22,id
__export__.sgavar_file_var_561_a1150b59,Fecha,FECORD,stock.field_stock_picking_date, ,FECORD,8,61,0,8,8,True,mrp_bom_phantom_fix.model_stock_picking,7,1,
__export__.sgavar_file_var_576_72bcbecc,Alfanumerico,RECORDTIP,, ,RECORDTIP,69,66,0,4,4,True,mrp_bom_phantom_fix.model_stock_picking,7,2,ENPR
__export__.sgavar_file_var_588_ff8a5931,Alfanumerico,EXPORDTIP,, ,EXPORDTIP,59,56,0,4,4,False,mrp_bom_phantom_fix.model_stock_picking,7,3,
__export__.sgavar_file_var_608_48926fd0,Alfanumerico,EXPORDSUBTIP,, ,EXPORDSUBTIP,63,60,0,4,4,False,mrp_bom_phantom_fix.model_stock_picking,7,4,
__export__.sgavar_file_var_623_e6f077dc,Related-Numérico,PESPED,stock.field_stock_move_line_product_id, ,PESPED,68,60,3,3,6,False,mrp.model_stock_move_line,7,5,weight
__export__.sgavar_file_var_639_736fb1ca,Related-Numérico,PRECOM,product.field_product_product_weight, ,PRECOM,69,61,2,7,9,False,mrp.model_stock_move_line,7,6,standard_price
__export__.sgavar_file_var_703_9e5070ac,Related-Numérico,NUMUNI,stock.field_stock_move_line_product_uom_id, ,NUMUNI,67,60,0,8,8,True,mrp.model_stock_move_line,7,7,factor
__export__.sgavar_file_var_718_46e8b5c6,Alfanumerico,TIPUNI,, ,TIPUNI,68,65,0,4,4,True,mrp.model_stock_move_line,7,8,UD
__export__.sgavar_file_var_757_9efbd841,Alfanumerico,DIR1,base.field_res_partner_street, ,DIR1,134,95,0,40,40,False,rappel.model_res_partner,7,9,
__export__.sgavar_file_var_839_884524cc,Alfanumerico,DIR1,base.field_res_partner_street, ,DIR1,134,95,0,40,40,False,rappel.model_res_partner,7,10,
__export__.sgavar_file_var_862_da29fcf6,Alfanumerico,DIR1,base.field_res_partner_street, ,DIR1,134,95,0,40,40,False,rappel.model_res_partner,7,11,
__export__.sgavar_file_var_882_3b96c278,Alfanumerico,DIACADMAX,, ,DIACADMAX,92,88,0,5,5,False,mrp.model_product_product,7,12,
__export__.sgavar_file_var_918_2a95579d,Alfanumerico,DIACADMAX,, ,DIACADMAX,92,88,0,5,5,False,mrp.model_product_product,7,13,
__export__.sgavar_file_var_954_d91b5ffb,Alfanumerico,DIACADMAX,, ,DIACADMAX,92,88,0,5,5,False,mrp.model_product_product,7,14,
__export__.sgavar_file_var_990_607477f3,Numerico,MEDALT,, ,MEDALT,60,53,3,6,9,False,mrp.model_product_template,7,15,
__export__.sgavar_file_var_1007_ade58ef6,Numerico,MEDALT,,,MEDALT,60,53,3,6,9,False,mrp.model_product_template,7,16,
__export__.sgavar_file_var_1024_2551fbb3,Numerico,MEDALT,,,MEDALT,60,53,3,6,9,False,mrp.model_product_template,7,17,
__export__.sgavar_file_var_1056_7e78e6b2,Alfanumerico,UBIPICDIN,, ,UBIPICDIN,49,49,0,1,1,True,stock.model_stock_quant,7,21,N
__export__.sgavar_file_var_1095_abee174c,Numerico,CAN,stock.field_stock_move_line_qty_done, ,CAN,93,85,3,6,9,False,mrp.model_stock_move_line,7,22,
__export__.sgavar_file_var_562_72176d43,Fecha,FECREC,stock.field_stock_picking_scheduled_date, ,FECREC,76,69,0,8,8,False,mrp_bom_phantom_fix.model_stock_picking,8,1,
__export__.sgavar_file_var_577_233cafab,Alfanumerico,ALBARA,stock.field_stock_picking_name, ,ALBARA,86,70,0,17,17,True,mrp_bom_phantom_fix.model_stock_picking,8,2,
__export__.sgavar_file_var_589_366975ce,Alfanumerico,EXPORDSUBTIP,, ,EXPORDSUBTIP,63,60,0,4,4,False,mrp_bom_phantom_fix.model_stock_picking,8,3,
__export__.sgavar_file_var_609_6d8480f9,Alfanumerico,ALBARA,, ,ALBARA,75,64,0,12,12,False,mrp_bom_phantom_fix.model_stock_picking,8,4,
__export__.sgavar_file_var_624_b68a6d18,Related-Numérico,PRECOM,stock.field_stock_move_line_product_id, ,PRECOM,77,69,2,7,9,False,mrp.model_stock_move_line,8,5,standard_price
__export__.sgavar_file_var_640_46a913dc,Numerico,PESPRO,, ,PESPRO,78,70,3,6,9,False,mrp.model_stock_move_line,8,6,
__export__.sgavar_file_var_704_b2b62cc7,Related-Numérico,PESPED,stock.field_stock_move_line_product_id, ,PESPED,76,68,3,6,9,False,mrp.model_stock_move_line,8,7,weight
__export__.sgavar_file_var_719_19d08f42,Related-Numérico,PESSER,product.field_product_product_weight, ,PESSER,77,69,3,6,9,False,mrp.model_stock_move_line,8,8,weight
__export__.sgavar_file_var_758_6255f798,Alfanumerico,DIR2,base.field_res_partner_city, ,DIR2,174,135,0,40,40,False,rappel.model_res_partner,8,9,
__export__.sgavar_file_var_840_a1b418ee,Alfanumerico,DIR2,base.field_res_partner_city, ,DIR2,174,135,0,40,40,False,rappel.model_res_partner,8,10,
__export__.sgavar_file_var_863_e04b426c,Alfanumerico,DIR2,base.field_res_partner_city, ,DIR2,174,135,0,40,40,False,rappel.model_res_partner,8,11,
__export__.sgavar_file_var_883_2f542fda,Alfanumerico,DIAMINCADEXP,, ,DIAMINCADEXP,97,93,0,5,5,False,mrp.model_product_product,8,12,
__export__.sgavar_file_var_919_d3099f80,Alfanumerico,DIAMINCADEXP,, ,DIAMINCADEXP,97,93,0,5,5,False,mrp.model_product_product,8,13,
__export__.sgavar_file_var_955_eec0a8d5,Alfanumerico,DIAMINCADEXP,, ,DIAMINCADEXP,97,93,0,5,5,False,mrp.model_product_product,8,14,
__export__.sgavar_file_var_991_a7ac8bb6,Numerico,MEDANC,, ,MEDANC,69,61,3,6,9,False,mrp.model_product_template,8,15,
__export__.sgavar_file_var_1008_80e2afa6,Numerico,MEDANC,,,MEDANC,69,61,3,6,9,False,mrp.model_product_template,8,16,
__export__.sgavar_file_var_1025_d388b128,Numerico,MEDANC,,,MEDANC,69,61,3,6,9,False,mrp.model_product_template,8,17,
__export__.sgavar_file_var_1055_8de872a0,Alfanumerico,UBIPIC,, ,UBIPIC,65,50,0,16,16,False,stock.model_stock_quant,8,21,
__export__.sgavar_file_var_1096_3eb40682,Alfanumerico,TIPUNI,, ,TIPUNI,97,94,0,4,4,False,mrp.model_stock_move_line,8,22,UD
__export__.sgavar_file_var_563_0172f0cd,Hora,HORREC,stock.field_stock_picking_scheduled_date, ,HORREC,80,77,0,4,4,False,mrp_bom_phantom_fix.model_stock_picking,9,1,
__export__.sgavar_file_var_578_837d77c5,Fecha,FECREC,stock.field_stock_picking_date_done, ,FECREC,94,87,0,8,8,True,mrp_bom_phantom_fix.model_stock_picking,9,2,
__export__.sgavar_file_var_590_644685a7,Alfanumerico,TRAREF,, ,TRAREF,79,64,0,16,16,False,mrp_bom_phantom_fix.model_stock_picking,9,3,
__export__.sgavar_file_var_611_a4cf6690,Fecha,FECEXP,stock.field_stock_picking_scheduled_date, ,FECEXP,83,76,0,8,8,False,mrp_bom_phantom_fix.model_stock_picking,9,4,
__export__.sgavar_file_var_625_d46cb9f5,Alfanumerico,ADMCANMAY,, ,ADMCANMAY,78,78,0,1,1,False,mrp.model_stock_move_line,9,5,N
__export__.sgavar_file_var_641_c4f622bb,Numerico,RECORDLIN,stock.field_stock_move_line_id, ,RECORDLIN,77,79,0,9,9,False,mrp.model_stock_move_line,9,6,
__export__.sgavar_file_var_705_7e7cbef5,Related-Numérico,PREVEN,stock.field_stock_move_line_product_id, ,PREVEN,85,77,2,7,9,False,mrp.model_stock_move_line,9,7,standard_price
__export__.sgavar_file_var_720_8b876ebf,Related-Numérico,PREVEN,product.field_product_product_weight, ,PREVEN,86,78,2,7,9,False,mrp.model_stock_move_line,9,8,standard_price
__export__.sgavar_file_var_759_de8d4eec,Related-Alfanumérico,DIR3,base.field_res_partner_state_id, ,DIR3,214,175,0,40,40,False,rappel.model_res_partner,9,9,name
__export__.sgavar_file_var_841_0128c26c,Related-Alfanumérico,DIR3,base.field_res_partner_state_id, ,DIR3,214,175,0,40,40,False,rappel.model_res_partner,9,10,name
__export__.sgavar_file_var_864_00699d3c,Related-Alfanumérico,DIR3,base.field_res_partner_state_id, ,DIR3,214,175,0,40,40,False,rappel.model_res_partner,9,11,name
__export__.sgavar_file_var_884_e62a6828,Alfanumerico,LOTREQ,, ,LOTREQ,98,98,0,1,1,False,mrp.model_product_product,9,12,
__export__.sgavar_file_var_920_570ecadd,Alfanumerico,LOTREQ,, ,LOTREQ,98,98,0,1,1,False,mrp.model_product_product,9,13,
__export__.sgavar_file_var_956_93c5efc5,Alfanumerico,LOTREQ,, ,LOTREQ,98,98,0,1,1,False,mrp.model_product_product,9,14,
__export__.sgavar_file_var_992_a0cbcbf3,Numerico,PESUNI,, ,PESUNI,77,70,3,5,8,False,mrp.model_product_template,9,15,
__export__.sgavar_file_var_1009_280ba72d,Numerico,PESUNI,,,PESUNI,77,70,3,5,8,False,mrp.model_product_template,9,16,
__export__.sgavar_file_var_1026_e4e27cc9,Numerico,PESUNI,,,PESUNI,77,70,3,5,8,False,mrp.model_product_template,9,17,
__export__.sgavar_file_var_1054_a2667db9,Alfanumerico,DIMCOD,, ,DIMCOD,69,66,0,4,4,False,stock.model_stock_quant,9,21,
__export__.sgavar_file_var_1097_e90c12df,Numerico,NUMNI,stock.field_stock_move_line_qty_done, ,NUMNI,105,98,0,8,8,True,mrp.model_stock_move_line,9,22,1
__export__.sgavar_file_var_564_dcb9ff46,Alfanumerico,OBS,stock.field_stock_picking_note, ,OBS,120,81,0,40,40,False,mrp_bom_phantom_fix.model_stock_picking,10,1,
__export__.sgavar_file_var_579_139565ed,Hora,HORREC,stock.field_stock_picking_date_done, ,HORREC,98,95,0,5,5,True,mrp_bom_phantom_fix.model_stock_picking,10,2,
__export__.sgavar_file_var_591_453df48e,Fecha,FECORD,stock.field_stock_picking_date, ,FECORD,87,80,0,8,8,True,mrp_bom_phantom_fix.model_stock_picking,10,3,
__export__.sgavar_file_var_612_a069dd96,Hora,HOREXP,stock.field_stock_picking_scheduled_date, ,HOREXP,87,84,0,4,4,False,mrp_bom_phantom_fix.model_stock_picking,10,4,
__export__.sgavar_file_var_626_a22df7a7,Alfanumerico,ADMCANMEN,, ,ADMCANMEN,79,79,0,1,1,False,mrp.model_stock_move_line,10,5,N
__export__.sgavar_file_var_642_c76b41a1,Alfanumerico,LOTE,stock.field_stock_move_line_lot_name, ,LOTE,107,88,0,20,20,False,mrp.model_stock_move_line,10,6,
__export__.sgavar_file_var_706_e42df8d8,Related-Alfanumérico,OBS,stock.field_stock_move_line_picking_id, ,OBS,125,86,0,40,40,False,mrp.model_stock_move_line,10,7,note
__export__.sgavar_file_var_760_ef761a22,Related-Alfanumérico,DIR4,base.field_res_partner_country_id, ,DIR4,254,215,0,40,40,False,rappel.model_res_partner,10,9,name
__export__.sgavar_file_var_842_4c7fc374,Related-Alfanumérico,DIR4,base.field_res_partner_country_id, ,DIR4,254,215,0,40,40,False,rappel.model_res_partner,10,10,name
__export__.sgavar_file_var_865_580e1066,Related-Alfanumérico,DIR4,base.field_res_partner_country_id, ,DIR4,254,215,0,40,40,False,rappel.model_res_partner,10,11,name
__export__.sgavar_file_var_885_39e28a0c,Alfanumerico,PESVAR,, ,PESVAR,99,99,0,1,1,False,mrp.model_product_product,10,12,N
__export__.sgavar_file_var_921_5eec93fb,Alfanumerico,PESVAR,, ,PESVAR,99,99,0,1,1,False,mrp.model_product_product,10,13,N
__export__.sgavar_file_var_957_f3cfbcad,Alfanumerico,PESVAR,, ,PESVAR,99,99,0,1,1,False,mrp.model_product_product,10,14,N
__export__.sgavar_file_var_993_c435958c,Numerico,PESINF,, ,PESINF,85,78,3,5,8,False,mrp.model_product_template,10,15,
__export__.sgavar_file_var_1010_11502e23,Numerico,PESINF,,,PESINF,85,78,3,5,8,False,mrp.model_product_template,10,16,
__export__.sgavar_file_var_1027_fc8c9419,Numerico,PESINF,,,PESINF,85,78,3,5,8,False,mrp.model_product_template,10,17,
__export__.sgavar_file_var_1053_a9043b1b,Numerico,ALTMIN,, ,ALTMIN,74,70,0,5,5,False,stock.model_stock_quant,10,21,1
__export__.sgavar_file_var_1085_56ecbaa5,Alfanumerico,OBS,, ,OBS,126,87,0,40,40,False,mrp.model_stock_move_line,10,8,
__export__.sgavar_file_var_1098_af7192a9,Related-Alfanumérico,PES,stock.field_stock_move_line_product_id, ,PES,114,106,3,6,9,False,mrp.model_stock_move_line,10,22,weight
__export__.sgavar_file_var_565_637feb67,Alfanumerico,TERRESREF,, ,TERRESREF,136,121,0,16,16,False,mrp_bom_phantom_fix.model_stock_picking,11,1,
__export__.sgavar_file_var_580_d1545318,Alfanumerico,OBS,stock.field_stock_picking_note, ,OBS,139,99,0,40,40,False,mrp_bom_phantom_fix.model_stock_picking,11,2,
__export__.sgavar_file_var_592_549747f4,Fecha,FECEXP,stock.field_stock_picking_scheduled_date, ,FECEXP,95,88,0,8,8,False,mrp_bom_phantom_fix.model_stock_picking,11,3,
__export__.sgavar_file_var_614_14fb10b7,Alfanumerico,OBS,stock.field_stock_picking_note, ,OBS,127,88,0,40,40,False,mrp_bom_phantom_fix.model_stock_picking,11,4,
__export__.sgavar_file_var_627_83640e01,Alfanumerico,IGNCAD,, ,IGNCAD,80,80,0,1,1,False,mrp.model_stock_move_line,11,5,N
__export__.sgavar_file_var_643_8cb04739,Alfanumerico,INCIDENCIA,, ,INCIDENCIA,167,108,0,60,60,False,mrp.model_stock_move_line,11,6,
__export__.sgavar_file_var_707_b489faca,Alfanumerico,LOTE,stock.field_stock_move_line_lot_name, ,LOTE,145,126,0,20,20,False,mrp.model_stock_move_line,11,7,
__export__.sgavar_file_var_761_806aa93c,Numerico,POSCOD,base.field_res_partner_zip, ,POSCOD,260,255,0,6,6,False,rappel.model_res_partner,11,9,
__export__.sgavar_file_var_843_8f3c50a6,Numerico,POSCOD,base.field_res_partner_zip, ,POSCOD,260,255,0,6,6,False,rappel.model_res_partner,11,10,
__export__.sgavar_file_var_866_4417e248,Numerico,POSCOD,base.field_res_partner_zip, ,POSCOD,260,255,0,6,6,False,rappel.model_res_partner,11,11,
__export__.sgavar_file_var_886_b2715305,Alfanumerico,SINEAN,, ,SINEAN,100,100,0,1,1,False,mrp.model_product_product,11,12,
__export__.sgavar_file_var_922_be376fde,Alfanumerico,SINEAN,, ,SINEAN,100,100,0,1,1,False,mrp.model_product_product,11,13,
__export__.sgavar_file_var_958_3fa46cec,Alfanumerico,SINEAN,, ,SINEAN,100,100,0,1,1,False,mrp.model_product_product,11,14,
__export__.sgavar_file_var_994_5993727b,Numerico,PESSUP,, ,PESSUP,93,86,3,5,8,False,mrp.model_product_template,11,15,
__export__.sgavar_file_var_1011_1d818a26,Numerico,PESSUP,,,PESSUP,93,86,3,5,8,False,mrp.model_product_template,11,16,
__export__.sgavar_file_var_1028_ba743e7d,Numerico,PESSUP,,,PESSUP,93,86,3,5,8,False,mrp.model_product_template,11,17,
__export__.sgavar_file_var_1075_65400e16,Numerico,ALTMAX,, ,ALTMAX,79,75,0,5,5,False,stock.model_stock_quant,11,21,9
__export__.sgavar_file_var_1086_861169e4,Related-Alfanumérico,LOTE,stock.field_stock_move_line_lot_id, ,LOTE,146,127,0,20,20,False,mrp.model_stock_move_line,11,8,ID
__export__.sgavar_file_var_1099_5ab67606,Numerico,VOL,, ,VOL,123,115,3,6,9,False,mrp.model_stock_move_line,11,22,
__export__.sgavar_file_var_566_f6a164bb,Alfanumerico,RECORDSUBTIP,, ,RECORDSUBTIP,140,137,0,4,4,False,mrp_bom_phantom_fix.model_stock_picking,12,1,
__export__.sgavar_file_var_569_0f7d8ca3,one2many,MOVE_LINES,stock.field_stock_picking_move_line_ids,,MOVE_LINES,0,0,0,0,0,True,mrp_bom_phantom_fix.model_stock_picking,12,2,CRL
__export__.sgavar_file_var_593_ba4b0231,Hora,HOREXP,stock.field_stock_picking_scheduled_date, ,HOREXP,99,96,0,4,4,False,mrp_bom_phantom_fix.model_stock_picking,12,3,
__export__.sgavar_file_var_615_c4ca287f,Alfanumerico,PRVCAMCOM,, ,PRVCAMCOM,286,128,0,160,160,True,mrp_bom_phantom_fix.model_stock_picking,12,4,
__export__.sgavar_file_var_628_7cc2ebe9,Alfanumerico,CTRCAL,, ,CTRCAL,81,81,0,1,1,False,mrp.model_stock_move_line,12,5,N
__export__.sgavar_file_var_708_e4c3a715,Alfanumerico,KIT,, ,KIT,146,146,0,1,1,False,mrp.model_stock_move_line,12,7,N
__export__.sgavar_file_var_762_35543c0e,Related-Alfanumérico,PAISCOD,base.field_res_partner_country_id, ,PAISCOD,264,261,0,4,4,False,rappel.model_res_partner,12,9,code
__export__.sgavar_file_var_844_f294ffa8,Related-Alfanumérico,PAISCOD,base.field_res_partner_country_id, ,PAISCOD,264,261,0,4,4,False,rappel.model_res_partner,12,10,code
__export__.sgavar_file_var_867_92225c4f,Related-Alfanumérico,PAISCOD,base.field_res_partner_country_id, ,PAISCOD,264,261,0,4,4,False,rappel.model_res_partner,12,11,code
__export__.sgavar_file_var_887_bf27151f,Alfanumerico,UNIMIN,, ,UNIMIN,104,101,0,4,4,True,mrp.model_product_product,12,12,UD
__export__.sgavar_file_var_923_ed30829d,Alfanumerico,UNIMIN,, ,UNIMIN,104,101,0,4,4,True,mrp.model_product_product,12,13,UD
__export__.sgavar_file_var_959_b12a7f24,Alfanumerico,UNIMIN,, ,UNIMIN,104,101,0,4,4,True,mrp.model_product_product,12,14,UD
__export__.sgavar_file_var_995_fe47e6d2,Numerico,UNIPAL,, ,UNIPAL,102,94,0,9,9,False,mrp.model_product_template,12,15,9000
__export__.sgavar_file_var_1012_aba08e4b,Numerico,UNIPAL,,,UNIPAL,102,94,0,9,9,False,mrp.model_product_template,12,16,9000
__export__.sgavar_file_var_1029_0dbd2af3,Numerico,UNIPAL,,,UNIPAL,102,94,0,9,9,False,mrp.model_product_template,12,17,9000
__export__.sgavar_file_var_1074_b3b3cede,Alfanumerico,ALMRESTOS,, ,ALMRESTOS,80,80,0,1,1,False,stock.model_stock_quant,12,21,S
__export__.sgavar_file_var_1100_5b2153b7,Alfanumerico,CRIROT,, ,CRIROT,143,124,0,20,20,False,mrp.model_stock_move_line,12,22,
__export__.sgavar_file_var_567_24e7e249,Alfanumerico,PRVCAMCOM,, ,PRVCAMCOM,260,141,0,160,160,False,mrp_bom_phantom_fix.model_stock_picking,13,1,
__export__.sgavar_file_var_594_bc144cde,Alfanumerico,URGENT,, ,URGENT,100,100,0,1,1,True,mrp_bom_phantom_fix.model_stock_picking,13,3,N
__export__.sgavar_file_var_629_41d074c8,Numerico,RECORDLIN,stock.field_stock_move_line_id, ,RECORDLIN,90,82,0,9,9,False,mrp.model_stock_move_line,13,5,
__export__.sgavar_file_var_709_0cc5e64c,Numerico,VIDAUTILMIN,, ,VIDAUTILMIN,149,147,0,3,3,False,mrp.model_stock_move_line,13,7,
__export__.sgavar_file_var_763_b32066fc,Alfanumerico,PERAJU,, ,PERAJU,265,265,0,1,1,False,rappel.model_res_partner,13,9,N
__export__.sgavar_file_var_845_cabb2d8b,Alfanumerico,PERAJU,, ,PERAJU,265,265,0,1,1,False,rappel.model_res_partner,13,10,N
__export__.sgavar_file_var_868_eaed00ef,Alfanumerico,PERAJU,, ,PERAJU,265,265,0,1,1,False,rappel.model_res_partner,13,11,N
__export__.sgavar_file_var_888_5cf23652,Alfanumerico,UNIREC,, ,UNIREC,108,105,0,4,4,True,mrp.model_product_product,13,12,UD
__export__.sgavar_file_var_924_87b4c5aa,Alfanumerico,UNIREC,, ,UNIREC,108,105,0,4,4,True,mrp.model_product_product,13,13,UD
__export__.sgavar_file_var_960_0a4c6673,Alfanumerico,UNIREC,, ,UNIREC,108,105,0,4,4,True,mrp.model_product_product,13,14,UD
__export__.sgavar_file_var_996_4bd9785f,Numerico,BASE,, ,BASE,107,103,0,5,5,False,mrp.model_product_template,13,15,2250
__export__.sgavar_file_var_1013_07a75fec,Numerico,BASE,,,BASE,107,103,0,5,5,False,mrp.model_product_template,13,16,2250
__export__.sgavar_file_var_1030_4ac00a82,Numerico,BASE,,,BASE,107,103,0,5,5,False,mrp.model_product_template,13,17,2250
__export__.sgavar_file_var_1073_3edba0d6,Numerico,MARGENROT,, ,MARGENROT,89,81,0,9,9,False,stock.model_stock_quant,13,21,
__export__.sgavar_file_var_1084_c7d1e57d,Alfanumerico,AGROEXGENACC,,,AGROEXGENACC,301,287,0,166,16,False,mrp_bom_phantom_fix.model_stock_picking,13,4,
__export__.sgavar_file_var_1101_77b81cb6,Fecha,FECCAD,, ,FECCAD,151,144,0,8,8,False,mrp.model_stock_move_line,13,22,
__export__.sgavar_file_var_2_eee660a6,one2many,MOVE_LINES,stock.field_stock_picking_move_line_ids,,MOVE_LINES,0,0,0,0,0,True,mrp_bom_phantom_fix.model_stock_picking,14,1,ORL
__export__.sgavar_file_var_595_fc2c7947,Alfanumerico,OBS,stock.field_stock_picking_note, ,OBS,140,101,0,40,40,False,mrp_bom_phantom_fix.model_stock_picking,14,3,
__export__.sgavar_file_var_601_12c468d6,one2many,MOVE_LINE,stock.field_stock_picking_move_line_ids,,MOVE_LINE,0,0,0,0,0,True,mrp_bom_phantom_fix.model_stock_picking,14,4,CEL
__export__.sgavar_file_var_630_cbefac6b,Numerico,ADMCANMAYPOR,, ,ADMCANMAYPOR,93,91,0,3,3,False,mrp.model_stock_move_line,14,5,
__export__.sgavar_file_var_710_92cb24a3,Numerico,VIDAUTILMAX,, ,VIDAUTILMAX,152,150,0,3,3,False,mrp.model_stock_move_line,14,7,
__export__.sgavar_file_var_764_865f58dc,Alfanumerico,CNTEXPTIP,, ,CNTEXPTIP,269,266,0,4,4,False,rappel.model_res_partner,14,9,PL
__export__.sgavar_file_var_846_e953fe56,Alfanumerico,CNTEXPTIP,, ,CNTEXPTIP,269,266,0,4,4,False,rappel.model_res_partner,14,10,PL
__export__.sgavar_file_var_869_2ca916c0,Alfanumerico,CNTEXPTIP,, ,CNTEXPTIP,269,266,0,4,4,False,rappel.model_res_partner,14,11,PL
__export__.sgavar_file_var_889_626c05a6,Alfanumerico,UNIALM,, ,UNIALM,112,109,0,4,4,True,mrp.model_product_product,14,12,UD
__export__.sgavar_file_var_925_57bdbfca,Alfanumerico,UNIALM,, ,UNIALM,112,109,0,4,4,True,mrp.model_product_product,14,13,UD
__export__.sgavar_file_var_961_387c1e51,Alfanumerico,UNIALM,, ,UNIALM,112,109,0,4,4,True,mrp.model_product_product,14,14,UD
__export__.sgavar_file_var_997_966dde4e,Numerico,ALTURA,, ,ALTURA,112,108,0,5,5,False,mrp.model_product_template,14,15,4
__export__.sgavar_file_var_1014_5b341cc1,Numerico,ALTURA,,,ALTURA,112,108,0,5,5,False,mrp.model_product_template,14,16,4
__export__.sgavar_file_var_1031_207a9993,Numerico,ALTURA,,,ALTURA,112,108,0,5,5,False,mrp.model_product_template,14,17,4
__export__.sgavar_file_var_1072_b9c546fd,Numerico,CANPICMIN,, ,CANPICMIN,98,90,0,9,9,False,stock.model_stock_quant,14,21,
__export__.sgavar_file_var_1102_1a5da141,Fecha,FECREC,stock.field_stock_move_line_date, ,FECREC,159,152,0,8,8,False,mrp.model_stock_move_line,14,22,
__export__.sgavar_file_var_596_9f8f7582,Alfanumerico,MUEEXP,, ,MUEEXP,146,141,0,6,6,False,mrp_bom_phantom_fix.model_stock_picking,15,3,
__export__.sgavar_file_var_631_d9d6ebf7,Alfanumerico,LOTE,stock.field_stock_move_line_lot_name, ,LOTE,103,94,0,20,20,False,mrp.model_stock_move_line,15,5,
__export__.sgavar_file_var_777_b3a0dcc1,Alfanumerico,NUMTELSMS,base.field_res_partner_mobile, ,NUMTELSMS,349,270,0,80,80,False,rappel.model_res_partner,15,9,
__export__.sgavar_file_var_847_d9855134,Alfanumerico,NUMTELSMS,base.field_res_partner_mobile, ,NUMTELSMS,349,270,0,80,80,False,rappel.model_res_partner,15,10,
__export__.sgavar_file_var_870_d39b7472,Alfanumerico,NUMTELSMS,base.field_res_partner_mobile, ,NUMTELSMS,349,270,0,80,80,False,rappel.model_res_partner,15,11,
__export__.sgavar_file_var_890_d3d83902,Alfanumerico,UNIEXP,, ,UNIEXP,116,113,0,4,4,True,mrp.model_product_product,15,12,UD
__export__.sgavar_file_var_926_c4e51952,Alfanumerico,UNIEXP,, ,UNIEXP,116,113,0,4,4,True,mrp.model_product_product,15,13,UD
__export__.sgavar_file_var_962_43a2a9ee,Alfanumerico,UNIEXP,, ,UNIEXP,116,113,0,4,4,True,mrp.model_product_product,15,14,UD
__export__.sgavar_file_var_998_b71cfca3,Numerico,PESTAR,, ,PESTAR,121,113,3,6,9,False,mrp.model_product_template,15,15,
__export__.sgavar_file_var_1015_3ed4eeff,Numerico,PESTAR,,,PESTAR,121,113,3,6,9,False,mrp.model_product_template,15,16,
__export__.sgavar_file_var_1032_36793b5a,Numerico,PESTAR,,,PESTAR,121,113,3,6,9,False,mrp.model_product_template,15,17,
__export__.sgavar_file_var_1071_b43e97ef,Numerico,CANPICMAX,, ,CANPICMAX,108,99,0,9,9,False,stock.model_stock_quant,15,21,
__export__.sgavar_file_var_1103_f25f7a03,Fecha,FECFAB,stock.field_stock_move_line_date, ,FECFAB,167,160,0,8,8,False,mrp.model_stock_move_line,15,22,
__export__.sgavar_file_var_1112_74f4b9fe,one2many,CONTENT_LINES,stock.field_stock_picking_move_line_ids, ,CONTENT_LINES,0,0,0,0,0,True,mrp_bom_phantom_fix.model_stock_picking,15,4,CEN
__export__.sgavar_file_var_597_0210bcff,Alfanumerico,PRVCAMCOM,, ,PRVCAMCOM,306,147,0,160,160,False,mrp_bom_phantom_fix.model_stock_picking,16,3,
__export__.sgavar_file_var_778_a21ba7eb,Alfanumerico,NUMTELFAX,partner_fax.field_res_partner_fax, ,NUMTELFAX,429,350,0,80,80,False,rappel.model_res_partner,16,9,
__export__.sgavar_file_var_848_f9dad25f,Alfanumerico,NUMTELFAX,partner_fax.field_res_partner_fax, ,NUMTELFAX,429,350,0,80,80,False,rappel.model_res_partner,16,10,
__export__.sgavar_file_var_871_89f21a06,Alfanumerico,NUMTELFAX,partner_fax.field_res_partner_fax, ,NUMTELFAX,429,350,0,80,80,False,rappel.model_res_partner,16,11,
__export__.sgavar_file_var_891_40c126fb,Alfanumerico,GESSER,, ,GESSER,117,117,0,1,1,False,mrp.model_product_product,16,12,N
__export__.sgavar_file_var_927_fc3e9752,Alfanumerico,GESSER,, ,GESSER,117,117,0,1,1,False,mrp.model_product_product,16,13,N
__export__.sgavar_file_var_963_e647c16f,Alfanumerico,GESSER,, ,GESSER,117,117,0,1,1,False,mrp.model_product_product,16,14,N
__export__.sgavar_file_var_999_2537bcaa,Alfanumerico,UNIANI,, ,UNIANI,122,122,0,1,1,False,mrp.model_product_template,16,15,N
__export__.sgavar_file_var_1016_c977653b,Alfanumerico,UNIANI,,,UNIANI,122,122,0,1,1,False,mrp.model_product_template,16,16,N
__export__.sgavar_file_var_1033_e88a623d,Alfanumerico,UNIANI,,,UNIANI,122,122,0,1,1,False,mrp.model_product_template,16,17,N
__export__.sgavar_file_var_1070_5552b34e,Numerico,STOMINTRA,, ,STOMINTRA,117,109,0,9,9,False,stock.model_stock_quant,16,21,
__export__.sgavar_file_var_1104_56f89cfc,Alfanumerico,LOTE,, ,LOTE,187,168,0,20,20,False,mrp.model_stock_move_line,16,22,
__export__.sgavar_file_var_598_8944155d,Related-Alfanumérico,AGROEXGENACC,, ,AGROEXGENACC,322,307,0,16,16,False,mrp_bom_phantom_fix.model_stock_picking,17,3,name
__export__.sgavar_file_var_779_16b74d56,Alfanumerico,EMAILD,base.field_res_partner_email, ,EMAILD,509,430,0,80,80,False,rappel.model_res_partner,17,9,
__export__.sgavar_file_var_849_1d045b9c,Alfanumerico,EMAILD,base.field_res_partner_email, ,EMAILD,509,430,0,80,80,False,rappel.model_res_partner,17,10,
__export__.sgavar_file_var_872_141742fd,Alfanumerico,EMAILD,base.field_res_partner_email, ,EMAILD,509,430,0,80,80,False,rappel.model_res_partner,17,11,
__export__.sgavar_file_var_892_cb006147,Alfanumerico,TERPROREF,, ,TERPROREF,133,118,0,16,16,False,mrp.model_product_product,17,12,
__export__.sgavar_file_var_928_7d768f38,Alfanumerico,TERPROREF,, ,TERPROREF,133,118,0,16,16,False,mrp.model_product_product,17,13,
__export__.sgavar_file_var_964_c2f456a4,Alfanumerico,TERPROREF,, ,TERPROREF,133,118,0,16,16,False,mrp.model_product_product,17,14,
__export__.sgavar_file_var_1069_bf090915,Numerico,STOMAXTRA,, ,STOMAXTRA,126,118,0,9,9,False,stock.model_stock_quant,17,21,
__export__.sgavar_file_var_1105_2c884b3c,Alfanumerico,NUMSERREF,, ,NUMSERREF,207,188,0,30,30,False,mrp.model_stock_move_line,17,22,
__export__.sgavar_file_var_599_32ca0681,Numerico,NUMVER,, ,NUMVER,326,323,0,4,4,False,mrp_bom_phantom_fix.model_stock_picking,18,3,0
__export__.sgavar_file_var_780_49146952,Alfanumerico,CNTEXPTIPCAJ,, ,CNTEXPTIPCAJ,513,510,0,4,4,False,rappel.model_res_partner,18,9,
__export__.sgavar_file_var_850_d0546442,Alfanumerico,CNTEXPTIPCAJ,, ,CNTEXPTIPCAJ,513,510,0,4,4,False,rappel.model_res_partner,18,10,
__export__.sgavar_file_var_873_8d6ed8c3,Alfanumerico,CNTEXPTIPCAJ,, ,CNTEXPTIPCAJ,513,510,0,4,4,False,rappel.model_res_partner,18,11,
__export__.sgavar_file_var_893_34b1938e,Alfanumerico,SITINI,, ,SITINI,137,134,0,4,4,False,mrp.model_product_product,18,12,OK
__export__.sgavar_file_var_929_d0fb72e7,Alfanumerico,SITINI,, ,SITINI,137,134,0,4,4,False,mrp.model_product_product,18,13,OK
__export__.sgavar_file_var_965_ce4dc015,Alfanumerico,SITINI,, ,SITINI,137,134,0,4,4,False,mrp.model_product_product,18,14,OK
__export__.sgavar_file_var_1068_b73a103f,Alfanumerico,PICCOMPAR,, ,PICCOMPAR,127,127,0,1,1,False,stock.model_stock_quant,18,21,S
__export__.sgavar_file_var_1107_1d380748,Related-Numérico,EXPORDLIN,stock.field_stock_move_line_move_id,,EXPORDLIN,216,208,0,9,9,False,mrp.model_stock_move_line,18,22,id
__export__.sgavar_file_var_581_49804130,one2many,MOVE_LINES,stock.field_stock_picking_move_line_ids,,MOVE_LINES,0,0,0,0,0,True,mrp_bom_phantom_fix.model_stock_picking,19,3,OEL
__export__.sgavar_file_var_781_c33fcb8b,Alfanumerico,POSCODINT,, ,POSCODINT,521,514,0,8,8,False,rappel.model_res_partner,19,9,
__export__.sgavar_file_var_851_7ea931e8,Alfanumerico,POSCODINT,, ,POSCODINT,521,514,0,8,8,False,rappel.model_res_partner,19,10,
__export__.sgavar_file_var_874_f14a0a31,Alfanumerico,POSCODINT,, ,POSCODINT,521,514,0,8,8,False,rappel.model_res_partner,19,11,
__export__.sgavar_file_var_894_f04cc82f,Alfanumerico,BLOQUEADO,, ,BLOQUEADO,138,138,0,1,1,False,mrp.model_product_product,19,12,N
__export__.sgavar_file_var_930_1240ce48,Alfanumerico,BLOQUEADO,, ,BLOQUEADO,138,138,0,1,1,False,mrp.model_product_product,19,13,N
__export__.sgavar_file_var_966_beab6e88,Alfanumerico,BLOQUEADO,, ,BLOQUEADO,138,138,0,1,1,False,mrp.model_product_product,19,14,N
__export__.sgavar_file_var_1067_14f7a96a,Alfanumerico,TERPROREF,, ,TERPROREF,143,128,0,16,16,False,stock.model_stock_quant,19,21,
__export__.sgavar_file_var_1108_1d154255,Alfanumerico,CNTEXPTIP,, ,CNTEXPTIP,222,217,0,6,6,False,mrp.model_stock_move_line,19,22,
__export__.sgavar_file_var_895_4650df0a,Numerico,NUMDIACALCAD,, ,NUMDIACALCAD,142,139,0,4,4,False,mrp.model_product_product,20,12,
__export__.sgavar_file_var_931_56bce295,Numerico,NUMDIACALCAD,, ,NUMDIACALCAD,142,139,0,4,4,False,mrp.model_product_product,20,13,
__export__.sgavar_file_var_967_cf629c8a,Numerico,NUMDIACALCAD,, ,NUMDIACALCAD,142,139,0,4,4,False,mrp.model_product_product,20,14,
__export__.sgavar_file_var_1066_1024ba1b,Alfanumerico,LOTE,, ,LOTE,163,144,0,20,20,False,stock.model_stock_quant,20,21,
__export__.sgavar_file_var_1109_32409236,Alfanumerico,MUELLE,, ,MUELLE,238,223,0,16,16,False,mrp.model_stock_move_line,20,22,
__export__.sgavar_file_var_896_7d72cc90,Numerico,ADMCANMAYPOR,, ,ADMCANMAYPOR,145,143,0,3,3,False,mrp.model_product_product,21,12,
__export__.sgavar_file_var_932_45b7b3ca,Numerico,ADMCANMAYPOR,, ,ADMCANMAYPOR,145,143,0,3,3,False,mrp.model_product_product,21,13,
__export__.sgavar_file_var_968_0eddf1f1,Numerico,ADMCANMAYPOR,, ,ADMCANMAYPOR,145,143,0,3,3,False,mrp.model_product_product,21,14,
__export__.sgavar_file_var_1065_979f1b78,Alfanumerico,ZONUBIREFDOS,, ,ZONUBIREFDOS,169,164,0,4,4,False,stock.model_stock_quant,21,21,
__export__.sgavar_file_var_1110_35f439b2,Alfanumerico,CNTDORMAT,, ,CNTDORMAT,258,239,0,20,20,False,mrp.model_stock_move_line,21,22,
__export__.sgavar_file_var_897_fd06ba61,Alfanumerico,LOTE,, ,LOTE,165,146,0,20,20,False,mrp.model_product_product,22,12,
__export__.sgavar_file_var_933_d07a8cf2,Alfanumerico,LOTE,, ,LOTE,165,146,0,20,20,False,mrp.model_product_product,22,13,
__export__.sgavar_file_var_969_c9762599,Alfanumerico,LOTE,, ,LOTE,165,146,0,20,20,False,mrp.model_product_product,22,14,
__export__.sgavar_file_var_1064_f936d266,Numerico,PORREF,, ,PORREF,172,170,0,3,3,False,stock.model_stock_quant,22,21,
__export__.sgavar_file_var_1111_a859c912,Alfanumerico,PROP,, ,PROP,278,259,0,20,20,False,mrp.model_stock_move_line,22,22,
__export__.sgavar_file_var_898_37ee4b17,Alfanumerico,CONCRETO,, ,CONCRETO,167,166,0,2,2,False,mrp.model_product_product,23,12,
__export__.sgavar_file_var_934_b9a6e583,Alfanumerico,CONCRETO,, ,CONCRETO,167,166,0,2,2,False,mrp.model_product_product,23,13,
__export__.sgavar_file_var_970_e3fa7914,Alfanumerico,CONCRETO,, ,CONCRETO,167,166,0,2,2,False,mrp.model_product_product,23,14,
__export__.sgavar_file_var_1063_7dd42c1d,Alfanumerico,BUSTIP,, ,BUSTIP,173,173,0,1,1,False,stock.model_stock_quant,23,21,C
__export__.sgavar_file_var_1106_997bd6bc,Alfanumerico,DIM,, ,DIM,282,279,0,4,4,False,mrp.model_stock_move_line,23,22,
__export__.sgavar_file_var_899_fe3c9dac,Alfanumerico,CNTTIP,, ,CNTTIP,173,168,0,8,8,False,mrp.model_product_product,24,12,
__export__.sgavar_file_var_935_25ded3bf,Alfanumerico,CNTTIP,, ,CNTTIP,173,168,0,8,8,False,mrp.model_product_product,24,13,
__export__.sgavar_file_var_971_1179b145,Alfanumerico,CNTTIP,, ,CNTTIP,173,168,0,8,8,False,mrp.model_product_product,24,14,
__export__.sgavar_file_var_1062_3248855b,Alfanumerico,UBIREFDOS,, ,UBIREFDOS,189,174,0,16,16,False,stock.model_stock_quant,24,21,
__export__.sgavar_file_var_900_ad2f4a92,Alfanumerico,LOTREQEXP,, ,LOTREQEXP,174,174,0,1,1,False,mrp.model_product_product,25,12,N
__export__.sgavar_file_var_936_8a1bbdad,Alfanumerico,LOTREQEXP,, ,LOTREQEXP,174,174,0,1,1,False,mrp.model_product_product,25,13,N
__export__.sgavar_file_var_972_db7c4ac2,Alfanumerico,LOTREQEXP,, ,LOTREQEXP,174,174,0,1,1,False,mrp.model_product_product,25,14,N
__export__.sgavar_file_var_1061_a85174c6,Alfanumerico,BUSTIPDOS,, ,BUSTIPDOS,190,190,0,1,1,False,stock.model_stock_quant,25,21,
__export__.sgavar_file_var_901_2fe2a415,Alfanumerico,CRIROTREQEXP,, ,CRIROTREQEXP,175,175,0,1,1,False,mrp.model_product_product,26,12,N
__export__.sgavar_file_var_937_67119735,Alfanumerico,CRIROTREQEXP,, ,CRIROTREQEXP,175,175,0,1,1,False,mrp.model_product_product,26,13,N
__export__.sgavar_file_var_973_ceeb4b54,Alfanumerico,CRIROTREQEXP,, ,CRIROTREQEXP,175,175,0,1,1,False,mrp.model_product_product,26,14,N
__export__.sgavar_file_var_1060_1f5d3fed,Alfanumerico,TIPMOL,, ,TIPMOL,194,191,0,4,4,False,stock.model_stock_quant,26,21,
__export__.sgavar_file_var_902_b4c007a4,Alfanumerico,PRIEXPEDI,, ,PRIEXPEDI,179,176,0,4,4,False,mrp.model_product_product,27,12,
__export__.sgavar_file_var_938_03930337,Alfanumerico,PRIEXPEDI,, ,PRIEXPEDI,179,176,0,4,4,False,mrp.model_product_product,27,13,
__export__.sgavar_file_var_974_540123d7,Alfanumerico,PRIEXPEDI,, ,PRIEXPEDI,179,176,0,4,4,False,mrp.model_product_product,27,14,
__export__.sgavar_file_var_1083_59cc15ff,Numerico,MARGENROT2,, ,MARGENROT2,203,195,0,9,9,False,stock.model_stock_quant,27,21,
__export__.sgavar_file_var_903_89d3782f,Alfanumerico,GESENV,, ,GESENV,180,180,0,1,1,False,mrp.model_product_product,28,12,
__export__.sgavar_file_var_939_15186829,Alfanumerico,GESENV,, ,GESENV,180,180,0,1,1,False,mrp.model_product_product,28,13,
__export__.sgavar_file_var_975_a1f621d5,Alfanumerico,GESENV,, ,GESENV,180,180,0,1,1,False,mrp.model_product_product,28,14,
__export__.sgavar_file_var_1082_b58d6228,Alfanumerico,TIPMOLDOS,, ,TIPMOLDOS,207,204,0,4,4,False,stock.model_stock_quant,28,21,
__export__.sgavar_file_var_904_cdc89e42,Alfanumerico,SUBTIPART,, ,SUBTIPART,184,181,0,4,4,False,mrp.model_product_product,29,12,
__export__.sgavar_file_var_940_c78e4a45,Alfanumerico,SUBTIPART,, ,SUBTIPART,184,181,0,4,4,False,mrp.model_product_product,29,13,
__export__.sgavar_file_var_976_7ac6a382,Alfanumerico,SUBTIPART,, ,SUBTIPART,184,181,0,4,4,False,mrp.model_product_product,29,14,
__export__.sgavar_file_var_1081_522f6bad,Numerico,ALTMINDOS,, ,ALTMINDOS,212,208,0,5,5,False,stock.model_stock_quant,29,21,
__export__.sgavar_file_var_905_6d27d303,Numerico,TEMRECMIN,, ,TEMRECMIN,187,185,0,3,3,False,mrp.model_product_product,30,12,
__export__.sgavar_file_var_941_4ceb0cdc,Numerico,TEMRECMIN,, ,TEMRECMIN,187,185,0,3,3,False,mrp.model_product_product,30,13,
__export__.sgavar_file_var_977_96a5b75f,Numerico,TEMRECMIN,, ,TEMRECMIN,187,185,0,3,3,False,mrp.model_product_product,30,14,
__export__.sgavar_file_var_1080_32aa74cf,Numerico,ALTMAXDOS,, ,ALTMAXDOS,217,213,0,5,5,False,stock.model_stock_quant,30,21,
__export__.sgavar_file_var_906_882f1ed7,Numerico,TEMRECMAX,, ,TEMRECMAX,190,188,0,3,3,False,mrp.model_product_product,31,12,
__export__.sgavar_file_var_942_8b9999da,Numerico,TEMRECMAX,, ,TEMRECMAX,190,188,0,3,3,False,mrp.model_product_product,31,13,
__export__.sgavar_file_var_978_359d37f8,Numerico,TEMRECMAX,, ,TEMRECMAX,190,188,0,3,3,False,mrp.model_product_product,31,14,
__export__.sgavar_file_var_1079_3b4ea441,Numerico,STOMINZONALM,, ,STOMINZONALM,226,218,0,9,9,False,stock.model_stock_quant,31,21,
__export__.sgavar_file_var_907_bacd20d9,Numerico,PESINFPOR,, ,PESINFPOR,192,191,0,3,3,False,mrp.model_product_product,32,12,
__export__.sgavar_file_var_943_21a23c3c,Numerico,PESINFPOR,, ,PESINFPOR,192,191,0,3,3,False,mrp.model_product_product,32,13,
__export__.sgavar_file_var_979_deaaab1e,Numerico,PESINFPOR,, ,PESINFPOR,192,191,0,3,3,False,mrp.model_product_product,32,14,
__export__.sgavar_file_var_1078_21006767,Numerico,STOMAXZONALM,, ,STOMAXZONALM,235,227,0,9,9,False,stock.model_stock_quant,32,21,
__export__.sgavar_file_var_908_f7833cc6,Numerico,PRESSUPPOR,, ,PRESSUPPOR,195,193,0,3,3,False,mrp.model_product_product,33,12,
__export__.sgavar_file_var_944_a0e1a18d,Numerico,PRESSUPPOR,, ,PRESSUPPOR,195,193,0,3,3,False,mrp.model_product_product,33,13,
__export__.sgavar_file_var_980_167601aa,Numerico,PRESSUPPOR,, ,PRESSUPPOR,195,193,0,3,3,False,mrp.model_product_product,33,14,
__export__.sgavar_file_var_1077_2acd1ec1,Numerico,STOMINZONALMDOS,, ,STOMINZONALMDOS,244,236,0,9,9,False,stock.model_stock_quant,33,21,
__export__.sgavar_file_var_909_81aa85b6,Alfanumerico,REPREC,, ,REPREC,199,196,0,4,4,False,mrp.model_product_product,34,12,
__export__.sgavar_file_var_945_6eace5a1,Alfanumerico,REPREC,, ,REPREC,199,196,0,4,4,False,mrp.model_product_product,34,13,
__export__.sgavar_file_var_981_c239254b,Alfanumerico,REPREC,, ,REPREC,199,196,0,4,4,False,mrp.model_product_product,34,14,
__export__.sgavar_file_var_1076_d315cf44,Numerico,STOMAXZONALMDOS,, ,STOMAXZONALMDOS,253,245,0,9,9,False,stock.model_stock_quant,34,21,
__export__.sgavar_file_var_910_b2915418,Alfanumerico,ABCLOG,, ,ABCLOG,200,200,0,1,1,False,mrp.model_product_product,35,12,C
__export__.sgavar_file_var_946_0d4ce254,Alfanumerico,ABCLOG,, ,ABCLOG,200,200,0,1,1,False,mrp.model_product_product,35,13,C
__export__.sgavar_file_var_982_81421aaf,Alfanumerico,ABCLOG,, ,ABCLOG,200,200,0,1,1,False,mrp.model_product_product,35,14,C
__export__.sgavar_file_var_1114_1v68wx6s,Alfanumerico,TIPREG,, ,TIPREG,4,1,0,4,4,True,stock_picking_group.model_stock_batch_picking,1,24,OECA
__export__.sgavar_file_var_1115_25ogu5la,Alfanumerico,ACCION,, ,ACCION,6,5,0,2,2,True,stock_picking_group.model_stock_batch_picking,2,24,MO
__export__.sgavar_file_var_1116_3a36rdem,Alfanumerico,EXPORDREF,stock_batch_picking.field_stock_batch_picking_name, ,EXPORDREF,21,7,0,15,15,True,stock_picking_group.model_stock_batch_picking,3,24,
__export__.sgavar_file_var_1117_434qf8el,Related-Numérico,ALMREF,, ,ALMREF,23,22,0,2,2,True,stock_picking_group.model_stock_batch_picking,4,24,1
__export__.sgavar_file_var_1118_57nfkuw8,Related-Alfanumérico,TERREF,stock_picking_group.field_stock_batch_picking_partner_id, ,TERREF,39,24,0,16,16,True,stock_picking_group.model_stock_batch_picking,5,24,ref
__export__.sgavar_file_var_1119_6bh0yvq9,Alfanumerico,TERPROREF,, ,TERPROREF,55,40,0,16,16,False,stock_picking_group.model_stock_batch_picking,6,24,
__export__.sgavar_file_var_1120_75eb4401,Alfanumerico,EXPORDTIP,sga_adaia_integration.field_stock_batch_picking_adaia_code, ,EXPORDTIP,59,56,0,4,4,False,stock_picking_group.model_stock_batch_picking,7,24,
__export__.sgavar_file_var_1121_8f2kvuy0,Related-Alfanumérico,EXPORDSUBTIP,shipping_type.field__stock_batch_picking_delivery_route_path_id, ,EXPORDSUBTIP,63,60,0,4,4,False,stock_picking_group.model_stock_batch_picking,8,24,name
__export__.sgavar_file_var_1122_94wwn2wy,Fecha,TRAREF,stock_batch_picking.field_stock_batch_picking_create_date, ,TRAREF,79,64,0,16,16,False,stock_picking_group.model_stock_batch_picking,9,24,
__export__.sgavar_file_var_1123_10a3kxbh,Fecha,FECORD,, ,FECORD,87,80,0,8,8,True,stock_picking_group.model_stock_batch_picking,10,24,
__export__.sgavar_file_var_1124_11nht1a5,Fecha,FECEXP,, ,FECEXP,95,88,0,8,8,False,stock_picking_group.model_stock_batch_picking,11,24,
__export__.sgavar_file_var_1125_12edhts4,Hora,HOREXP,, ,HOREXP,99,96,0,4,4,False,stock_picking_group.model_stock_batch_picking,12,24,
__export__.sgavar_file_var_1126_133oi8v3,Alfanumerico,URGENT,, ,URGENT,100,100,0,1,1,True,stock_picking_group.model_stock_batch_picking,13,24,N
__export__.sgavar_file_var_1127_146euw6n,Alfanumerico,OBS,, ,OBS,140,101,0,40,40,False,stock_picking_group.model_stock_batch_picking,14,24,
__export__.sgavar_file_var_1128_151cxvnf,Numerico,MUEEXP,sga_adaia_integration.field_stock_batch_picking_adaia_dock, ,MUEEXP,146,141,0,6,6,False,stock_picking_group.model_stock_batch_picking,15,24,
__export__.sgavar_file_var_1129_16jhslas,Alfanumerico,PRVCAMCOM,, ,PRVCAMCOM,306,147,0,160,160,False,stock_picking_group.model_stock_batch_picking,16,24,
__export__.sgavar_file_var_1130_1788wgbu,Alfanumerico,AGROEXGENACC,sga_adaia_integration.field_stock_batch_picking_adaia_group, ,AGROEXGENACC,322,307,0,16,16,False,stock_picking_group.model_stock_batch_picking,17,24,
__export__.sgavar_file_var_1131_18ox8g8a,Numerico,NUMVER,, ,NUMVER,326,323,0,4,4,False,stock_picking_group.model_stock_batch_picking,18,24,0
__export__.sgavar_file_var_1132_19e57f1k,one2many,MOVE_LINES,sga_adaia_integration.field_stock_batch_picking_draft_move_line_ids,,MOVE_LINES,0,0,0,0,0,True,stock_picking_group.model_stock_batch_picking,19,24,SBL
__export__.sgavar_file_var_1133_1sy1sw66,Alfanumerico,TIPREG,, ,TIPREG,4,1,0,4,4,True,mrp.model_stock_move_line,0,25,OELI
__export__.sgavar_file_var_1134_2ztc1r0n,Alfanumerico,ACCION,, ,ACCION,6,5,0,2,2,True,mrp.model_stock_move_line,1,25,MO
__export__.sgavar_file_var_1135_323ixn9d,Related-Alfanumérico,EXPORDREF,stock_move_selection_wzd.field_stock_move_draft_batch_picking_id, ,EXPORDREF,21,7,0,15,15,True,mrp.model_stock_move_line,2,25,name
__export__.sgavar_file_var_1136_4hk8pxdx,Numerico,num_lin,, ,EXPORDLIN,30,22,0,9,9,False,mrp.model_stock_move_line,3,25,
__export__.sgavar_file_var_1137_521jgw5i,Related-Numérico,ARTREF,stock.field_stock_move_product_id, ,ARTREF,46,31,0,16,16,True,stock_picking_group.model_stock_batch_picking,4,25,default_code
__export__.sgavar_file_var_1138_65tlv05j,Numerico,CANPED,stock.field_stock_move_line_ordered_qty, ,CANPED,55,47,0,9,9,True,mrp.model_stock_move_line,5,25,
__export__.sgavar_file_var_1139_7j10aplt,Alfanumerico,TIPUNI,, ,TIPUNI,59,56,0,4,4,True,mrp.model_stock_move_line,6,25,UD
__export__.sgavar_file_var_1140_8rbpeg8u,Related-Numérico,NUMUNI,stock.field_stock_move_line_product_uom_id, ,NUMUNI,67,60,0,8,8,True,mrp.model_stock_move_line,7,25,factor
__export__.sgavar_file_var_1141_9w395k9a,Alfanumerico,PESPED,, ,PESPED,76,68,3,6,9,False,mrp.model_stock_move_line,8,25,
__export__.sgavar_file_var_1142_106jrmfu,Alfanumerico,PREVEN,, ,PREVEN,85,77,2,7,9,False,mrp.model_stock_move_line,9,25,
__export__.sgavar_file_var_1143_119y8w2o,Alfanumerico,OBS,, ,OBS,125,86,0,40,40,False,mrp.model_stock_move_line,10,25,
__export__.sgavar_file_var_1144_129v3b75,Alfanumerico,LOTE,, ,LOTE,145,126,0,20,20,False,mrp.model_stock_move_line,11,25,
__export__.sgavar_file_var_1145_13284qpt,Alfanumerico,KIT,, ,KIT,146,146,0,1,1,False,mrp.model_stock_move_line,12,25,N
__export__.sgavar_file_var_1146_1496if3f,Alfanumerico,VIDAUTILMIN,, ,VIDAUTILMIN,149,147,0,3,3,False,mrp.model_stock_move_line,13,25,
__export__.sgavar_file_var_1147_15jhuqtr,Alfanumerico,VIDAUTILMAX,, ,VIDAUTILMAX,152,150,0,3,3,False,mrp.model_stock_move_line,14,25,
__export__.sgavar_file_var_1148_153jdb6w,Alfanumerico,TIPREF,, ,TIPREF,4,1,0,4,4,True,stock_picking_group.model_stock_batch_picking,0,26,CECA
__export__.sgavar_file_var_1149_28bngdkv,Alfanumerico,ACCION,, ,ACCION,6,5,0,2,2,True,stock_picking_group.model_stock_batch_picking,1,26,MO
__export__.sgavar_file_var_1150_3zwzj87s,Alfanumerico,EXPORDREF,stock_batch_picking.field_stock_batch_picking_name, ,EXPORDREF,21,7,0,15,15,True,stock_picking_group.model_stock_batch_picking,2,26,
__export__.sgavar_file_var_1151_4s3tpnbu,Related-Numérico,ALMREF,stock_move_selection_wzd.field_stock_batch_picking_picking_type_id,	,ALMREF,23,22,0,2,2,True,stock_picking_group.model_stock_batch_picking,3,26,default_location_src_id
__export__.sgavar_file_var_1152_5cbv6khd,Related-Alfanumérico,TERREF,stock_move_selection_wzd.field_stock_batch_picking_company_id, ,TERREF,39,24,0,16,16,True,stock_picking_group.model_stock_batch_picking,4,26,id
__export__.sgavar_file_var_1153_6vzzqufi,Alfanumerico,TERPROREF,, ,TERPROREF,55,40,0,16,16,False,stock_picking_group.model_stock_batch_picking,5,26,
__export__.sgavar_file_var_1154_7xmuec7n,Alfanumerico,EXPORDTIP,, ,EXPORDTIP,59,56,0,4,4,False,stock_picking_group.model_stock_batch_picking,6,26,
__export__.sgavar_file_var_1155_8xp4cqvg,Alfanumerico,EXPORDSUBTIP,, ,EXPORDSUBTIP,63,60,0,4,4,False,stock_picking_group.model_stock_batch_picking,7,26,
__export__.sgavar_file_var_1156_93ht7dul,Alfanumerico,ALBARA,, ,ALBARA,75,64,0,12,12,False,stock_picking_group.model_stock_batch_picking,8,26,
__export__.sgavar_file_var_1157_10f3t9zw,Fecha,FECEXP,stock_batch_picking.field_stock_batch_picking_date, ,FECEXP,83,76,0,8,8,False,stock_picking_group.model_stock_batch_picking,9,26,
__export__.sgavar_file_var_1158_11nueaye,Hora,HOREXP,stock_batch_picking.field_stock_batch_picking_date, ,HOREXP,87,84,0,4,4,False,stock_picking_group.model_stock_batch_picking,10,26,
__export__.sgavar_file_var_1159_12ewwc7e,Alfanumerico,OBS,stock_batch_picking.field_stock_batch_picking_notes, ,OBS,127,88,0,40,40,False,stock_picking_group.model_stock_batch_picking,11,26,
__export__.sgavar_file_var_1160_13ykk0pr,Alfanumerico,PRVCAMCOM,, ,PRVCAMCOM,286,128,0,160,160,True,stock_picking_group.model_stock_batch_picking,12,26,
__export__.sgavar_file_var_1161_145r05kk,Alfanumerico,AGROEXGENACC,, ,AGROEXGENACC,301,287,0,166,16,False,stock_picking_group.model_stock_batch_picking,13,26,
__export__.sgavar_file_var_1162_15lwbx11,one2many,MOVE_LINE,sga_adaia_integration.field_stock_batch_picking_draft_move_line_ids, ,MOVE_LINE,0,0,0,0,0,True,stock_picking_group.model_stock_batch_picking,14,26,SBC
__export__.sgavar_file_var_1163_162tehza,one2many,CONTENT_LINES,sga_adaia_integration.field_stock_batch_picking_draft_move_line_ids, ,CONTENT_LINES,0,0,0,0,0,True,stock_picking_group.model_stock_batch_picking,15,26,CEN
__export__.sgavar_file_var_1164_1wgf3blp,Alfanumerico,TIPREG,, ,TIPREG,4,1,0,4,4,True,mrp.model_stock_move_line,0,27,CELI
__export__.sgavar_file_var_1165_2ied3vav,Alfanumerico,ACCION,, ,ACCION,6,5,0,2,2,True,mrp.model_stock_move_line,1,27,AG
__export__.sgavar_file_var_1166_3vf7ntou,Related-Alfanumérico,EXPORDREF,stock_move_selection_wzd.field_stock_move_draft_batch_picking_id, ,EXPORDREF,21,7,0,15,15,True,mrp.model_stock_move_line,2,27,name
__export__.sgavar_file_var_1167_4f4begk1,Numerico,EXPORDLIN,stock.field_stock_move_line_id, ,EXPORDLIN,30,22,0,9,9,True,mrp.model_stock_move_line,3,27,
__export__.sgavar_file_var_1168_56k5f0po,Related-Numérico,ARTREF,stock.field_stock_move_line_product_id, ,ARTREF,46,31,0,16,16,True,mrp.model_stock_move_line,4,27,default_code
__export__.sgavar_file_var_1169_6l5crsyx,Alfanumerico,CANPED,stock.field_stock_move_line_ordered_qty, ,CANPED,55,47,0,9,9,True,mrp.model_stock_move_line,5,27,
__export__.sgavar_file_var_1170_7cgs51fc,Alfanumerico,CANSER,stock.field_stock_move_line_product_qty, ,CANSER,64,56,0,9,9,True,mrp.model_stock_move_line,6,27,
__export__.sgavar_file_var_1171_8hvtvcvu,Alfanumerico,TIPUNI,, ,TIPUNI,68,65,0,4,4,True,mrp.model_stock_move_line,7,27,UD
__export__.sgavar_file_var_1172_92hg62sl,Related-Numérico,PESSER,product.field_product_product_weight, ,PESSER,77,69,3,6,9,False,mrp.model_stock_move_line,8,27,weight
__export__.sgavar_file_var_1173_10pwb3kks,Related-Numérico,PREVEN,product.field_product_product_weight, ,PREVEN,86,78,2,7,9,False,mrp.model_stock_move_line,9,27,standard_price
__export__.sgavar_file_var_1174_11v6wx6s,Alfanumerico,OBS,, ,OBS,126,87,0,40,40,False,mrp.model_stock_move_line,10,27,
__export__.sgavar_file_var_1175_125ou5la,Related-Alfanumérico,LOTE,stock_move_selection_wzd.field_stock_move_lot_id, ,LOTE,146,127,0,20,20,False,mrp.model_stock_move_line,11,27,name
__export__.sgavar_file_var_3370_e483b6bf,Alfanumerico,TIPEREG,, ,TIPEREG,4,1,0,4,4,True,stock_picking_group.model_stock_batch_picking,0,28,ORCA
__export__.sgavar_file_var_3371_19dfacc7,Alfanumerico,ACCION,, ,ACCION,6,5,0,2,2,True,stock_picking_group.model_stock_batch_picking,1,28,MO
__export__.sgavar_file_var_3372_43ad4b07,Alfanumerico,RECORDREF,stock_batch_picking.field_stock_batch_picking_name, ,RECORDREF,22,7,0,16,16,True,stock_picking_group.model_stock_batch_picking,2,28,name
__export__.sgavar_file_var_3373_2bb2b45a,Numrico,ALMREF,, ,ALMREF,24,23,0,2,2,True,stock_picking_group.model_stock_batch_picking,3,28,1
__export__.sgavar_file_var_3374_a3a3b4d5,Related-Alfanumérico,TERREF,stock.field_stock_picking_partner_id, ,TERREF,40,25,0,16,16,True,stock_picking_group.model_stock_batch_picking	True,4,28,ref
__export__.sgavar_file_var_3375_85135dee,Alfanumerico,TERPROREF,, ,TERPROREF,56,41,0,16,16,True,stock_picking_group.model_stock_batch_picking,5,28,
__export__.sgavar_file_var_3376_9b25b4d5,Alfanumerico,RECORDTIP,, ,RECORDTIP,60,57,0,4,4,True,stock_picking_group.model_stock_batch_picking,6,28,ENPR
__export__.sgavar_file_var_3377_78f0bbab,Fecha,FECORD,stock_move_selection_wzd.field_stock_batch_picking_create_date, ,FECORD,8,61,0,8,8,True,stock_picking_group.model_stock_batch_picking,7,28	
__export__.sgavar_file_var_3378_22dd35ec,Hora,FECREC,stock_move_selection_wzd.field_stock_batch_picking_date_done, ,FECREC,76,69,0,8,8,False,stock_picking_group.model_stock_batch_picking,8,28	
__export__.sgavar_file_var_3379_b33ea5ee,Alfanumerico,HORREC,, ,HORREC,80,77,0,4,4,False,stock_picking_group.model_stock_batch_picking,9,28
__export__.sgavar_file_var_3380_67be1fc6,Alfanumerico,OBS,, ,OBS,120,81,0,40,40,False,stock_picking_group.model_stock_batch_picking,10,28
__export__.sgavar_file_var_3381_f0d6397f,Alfanumerico,TERRESREF,, ,TERRESREF,136,121,0,16,16,False,stock_picking_group.model_stock_batch_picking,11,28
__export__.sgavar_file_var_3382_ed63f90a,Alfanumerico,RECORDSUBTIP,, ,RECORDSUBTIP,140,137,0,4,4,False,stock_picking_group.model_stock_batch_picking,12,28
__export__.sgavar_file_var_3383_fb80cea1,Alfanumerico,PRVCAMCOM,, ,PRVCAMCOM,260,141,0,160,160,False,stock_picking_group.model_stock_batch_picking,13,28
__export__.sgavar_file_var_3414_35bd3300,one2many,MOVE_LINES,sga_adaia_integration.field_stock_batch_picking_draft_move_line_ids, ,MOVE_LINES,0,0,0,0,0,True,stock_picking_group.model_stock_batch_picking,14,28,OSL
__export__.sgavar_file_var_3385_41a7ca62,Alfanumerico,TIPREG,, ,TIPREG,4,1,0,4,4,True,stock_picking_group.model_stock_batch_picking,0,29,CRCA
__export__.sgavar_file_var_3386_e0b1b164,Alfanumerico,ACCION,, ,ACCION,6,5,0,2,2,True,stock_picking_group.model_stock_batch_picking,1,29,AG
__export__.sgavar_file_var_3387_13ab006b,Numérico,RECCOD,stock_batch_picking.field_stock_batch_picking_name, ,RECCOD,15,7,0,9,9,True,stock_picking_group.model_stock_batch_picking,2,29	
__export__.sgavar_file_var_3388_16a698bf,Related-Numérico,ALMREF,stock_move_selection_wzd.field_stock_batch_picking_picking_type_id, ,ALMREF,17,16,0,2,2,True,stock_picking_group.model_stock_batch_picking,3,29,default_location_dest_id
__export__.sgavar_file_var_3389_1fdc598a,Alfanumerico,RECORDREF,, ,RECORDREF,33,18,0,16,16,True,stock_picking_group.model_stock_batch_picking,4,29	
__export__.sgavar_file_var_3390_3051ab9e,Related-Alfanumérico,TERREF,stock.field_stock_picking_partner_id, ,TERREF,49,34,0,16,16,True,stock_picking_group.model_stock_batch_picking,5,29,id
__export__.sgavar_file_var_3391_6ff2f8ab,Related-Alfanumérico,TERPROREF,stock.field_stock_picking_partner_id, ,TERPROREF,65,50,0,16,16,True,stock_picking_group.model_stock_batch_picking,6,29,id
__export__.sgavar_file_var_3392_59d3cb7a,Alfanumerico,RECORDTIP,, ,RECORDTIP,69,66,0,4,4,True,stock_picking_group.model_stock_batch_picking,7,29,ENPR
__export__.sgavar_file_var_3393_b1934acc,Alfanumerico,ALBARA,stock_batch_picking.field_stock_batch_picking_name, ,ALBARA,86,70,0,17,17,True,stock_picking_group.model_stock_batch_picking,8,29
__export__.sgavar_file_var_3394_4cc8f3f9,Fecha,FECREC,stock.field_stock_picking_date_done, ,FECREC,94,87,0,8,8,True,stock_picking_group.model_stock_batch_picking,9,29
__export__.sgavar_file_var_3395_fdb355e2,Hora,HORREC,stock.field_stock_picking_date_done, ,HORREC,98,95,0,5,5,True,stock_picking_group.model_stock_batch_picking,10,29	
__export__.sgavar_file_var_3396_1ddc78db,Alfanumerico,OBS,stock_batch_picking.field_stock_batch_picking_notes, ,OBS,139,99,0,40,40,False,stock_picking_group.model_stock_batch_picking,11,29
__export__.sgavar_file_var_3415_db9323fc,one2many,MOVE_LINES,sga_adaia_integration.field_stock_batch_picking_draft_move_line_ids, ,MOVE_LINES,0,0,0,0,0,True,stock_picking_group.model_stock_batch_picking,12,29,OSL
__export__.sgavar_file_var_3398_b627e946,Alfanumerico,TIPREG,, ,TIPREG,4,1,0,4,4,True,mrp.model_stock_move_line,0,30,ORLI
__export__.sgavar_file_var_3399_232bbcbc,Alfanumerico,ACCION,, ,ACCION,6,5,0,2,2,True,mrp.model_stock_move_line,1,30,MO
__export__.sgavar_file_var_3400_dbff631e,Related-Alfanumérico,RECORDREF,stock_move_selection_wzd.field_stock_move_draft_batch_picking_id, ,RECORDREF,22,7,0,16,16,True,mrp.model_stock_move_line,2,30,name
__export__.sgavar_file_var_3401_52c2fcf1,Related-Numérico,ARTREF,stock.field_stock_move_line_product_id, ,ARTREF,38,23,0,16,16,True,mrp.model_stock_move_line,3,30,default_code
__export__.sgavar_file_var_3402_247c58ec,Numérico,CANPED,stock.field_stock_move_line_ordered_qty, ,CANPED,47,39,0,9,9,True,mrp.model_stock_move_line,4,30
__export__.sgavar_file_var_3403_a9fd5624,Alfanumerico,TIPUNI,, ,TIPUNI,51,48,0,4,4,True,mrp.model_stock_move_line,5,30,UD
__export__.sgavar_file_var_3404_a36d81da,Related-Numérico,NUMUNI,stock.field_stock_move_line_product_uom_id, ,NUMUNI,59,52,0,8,8,True,mrp.model_stock_move_line,6,30,factor
__export__.sgavar_file_var_3405_e8665b8f,Alfanumerico,PESPED,, ,PESPED,68,60,3,3,6,False,mrp.model_stock_move_line,7,30
__export__.sgavar_file_var_3406_1a62a914,Alfanumerico,PRECOM,, ,PRECOM,77,69,2,7,9,False,mrp.model_stock_move_line,8,30
__export__.sgavar_file_var_3407_e6c269bd,Alfanumerico,ADMCANMAY,, ,ADMCANMAY,78,78,0,1,1,False,mrp.model_stock_move_line,9,30,S
__export__.sgavar_file_var_3408_ebffa2f8,Alfanumerico,ADMCANMEN,, ,ADMCANMEN,79,79,0,1,1,False,mrp.model_stock_move_line,10,30,S
__export__.sgavar_file_var_3409_87560bb2,Alfanumerico,IGNCAD,, ,IGNCAD,80,80,0,1,1,False,mrp.model_stock_move_line,11,30,S
__export__.sgavar_file_var_3410_c436f245,Alfanumerico,CTRCAL,, ,CTRCAL,81,81,0,1,1,False,mrp.model_stock_move_line,12,30,N
__export__.sgavar_file_var_3411_7beb74e1,Alfanumerico,RECORDLIN,, ,RECORDLIN,90,82,0,9,9,False,mrp.model_stock_move_line,13,30	
__export__.sgavar_file_var_3412_3fb3d709,Alfanumerico,ADMCANMAYPOR,, ,ADMCANMAYPOR,93,91,0,3,3,False,mrp.model_stock_move_line,14,30
__export__.sgavar_file_var_3413_c5d030aa,Alfanumerico,LOTE,stock.field_stock_move_line_lot_name, ,LOTE,103,94,0,20,20,False,mrp.model_stock_move_line,15,30