id,version_active,file_bytes,cte_name,model,file_filter,odoo_model/id,description,code,version,sga_file_var_ids/id,sga_file_var_ids/adaia_type,sga_file_var_ids/name,sga_file_var_ids/odoo_name/id,sga_file_var_ids/fillchar,sga_file_var_ids/en,sga_file_var_ids/st,sga_file_var_ids/length_dec,sga_file_var_ids/length_int,sga_file_var_ids/length,sga_file_var_ids/odoo_model/id,sga_file_var_ids/required,sga_file_var_ids/sequence,sga_file_var_ids/default
,,,,,,,,,,__export__.sgavar_file_var_556_73903ca4,Alfanumerico,RECORDREF,sga_adaia_integration.field_stock_picking_sga_adaia_picking_name, ,22,7,0,16,16,sga_ulma_integration.model_stock_picking,True,2,
,,,,,,,,,,__export__.sgavar_file_var_557_8b6b0e20,Numérico,ALMREF,, ,24,23,0,2,2,sga_ulma_integration.model_stock_picking,True,3,1
,,,,,,,,,,__export__.sgavar_file_var_558_5c5846d0,Alfanumerico,TERREF,sga_adaia_integration.field_stock_picking_sga_adaia_partner_ref, ,40,25,0,16,16,sga_ulma_integration.model_stock_picking,True,4,
,,,,,,,,,,__export__.sgavar_file_var_559_69f4b43a,Alfanumerico,TERPROREF,, ,56,41,0,16,16,sga_ulma_integration.model_stock_picking,False,5,
,,,,,,,,,,__export__.sgavar_file_var_560_a053110a,Alfanumerico,RECORDTIP,, ,60,57,0,4,4,sga_ulma_integration.model_stock_picking,True,6,ENPR
,,,,,,,,,,__export__.sgavar_file_var_561_a1150b59,Fecha,FECORD,__export__.ir_model_fields_8590_7acc3e09, ,8,61,0,8,8,sga_ulma_integration.model_stock_picking,True,7,
,,,,,,,,,,__export__.sgavar_file_var_562_72176d43,Hora,FECREC,stock.field_stock_picking_date_done, ,76,69,0,8,8,sga_ulma_integration.model_stock_picking,False,8,
,,,,,,,,,,__export__.sgavar_file_var_563_0172f0cd,Alfanumerico,HORREC,, ,80,77,0,4,4,sga_ulma_integration.model_stock_picking,False,9,
,,,,,,,,,,__export__.sgavar_file_var_564_dcb9ff46,Alfanumerico,OBS,, ,120,81,0,40,40,sga_ulma_integration.model_stock_picking,False,10,
,,,,,,,,,,__export__.sgavar_file_var_565_637feb67,Alfanumerico,TERRESREF,, ,136,121,0,16,16,sga_ulma_integration.model_stock_picking,False,11,
,,,,,,,,,,__export__.sgavar_file_var_566_f6a164bb,Alfanumerico,RECORDSUBTIP,, ,140,137,0,4,4,sga_ulma_integration.model_stock_picking,False,12,
,,,,,,,,,,__export__.sgavar_file_var_567_24e7e249,Alfanumerico,PRVCAMCOM,, ,260,141,0,160,160,sga_ulma_integration.model_stock_picking,False,13,
,,,,,,,,,,__export__.sgavar_file_var_2_eee660a6,one2many,MOVE_LINES,sga_adaia_integration.field_stock_picking_adaia_move_ids, ,0,0,0,0,0,sga_ulma_integration.model_stock_picking,True,14,OSL
,,,,,,,,,,__export__.sgavar_file_var_570_0a45c89e,Alfanumerico,ACCION,, ,6,5,0,2,2,sga_ulma_integration.model_stock_picking,True,1,AG
,,,,,,,,,,__export__.sgavar_file_var_571_e75f5986,Numérico,RECCOD,sga_adaia_integration.field_stock_picking_sga_adaia_picking_name, ,15,7,0,9,9,sga_ulma_integration.model_stock_picking,True,2,
,,,,,,,,,,__export__.sgavar_file_var_572_325b52ce,Numérico,ALMREF,, ,17,16,0,2,2,sga_ulma_integration.model_stock_picking,True,3,1
,,,,,,,,,,__export__.sgavar_file_var_573_b547d03a,Alfanumerico,RECORDREF,sga_adaia_integration.field_stock_picking_sga_adaia_picking_name, ,33,18,0,16,16,sga_ulma_integration.model_stock_picking,True,4,
,,,,,,,,,,__export__.sgavar_file_var_574_f0662995,Related-Alfanumérico,TERREF,stock.field_stock_picking_partner_id, ,49,34,0,16,16,sga_ulma_integration.model_stock_picking,True,5,ref
,,,,,,,,,,__export__.sgavar_file_var_575_f571dfa3,Alfanumerico,TERPROREF,, ,65,50,0,16,16,sga_ulma_integration.model_stock_picking,False,6,
,,,,,,,,,,__export__.sgavar_file_var_576_72bcbecc,Alfanumerico,RECORDTIP,, ,69,66,0,4,4,sga_ulma_integration.model_stock_picking,True,7,ENPR
,,,,,,,,,,__export__.sgavar_file_var_577_233cafab,Alfanumerico,ALBARA,stock.field_stock_picking_name, ,86,70,0,17,17,sga_ulma_integration.model_stock_picking,True,8,
,,,,,,,,,,__export__.sgavar_file_var_578_837d77c5,Fecha,FECREC,stock.field_stock_picking_date_done, ,94,87,0,8,8,sga_ulma_integration.model_stock_picking,True,9,
,,,,,,,,,,__export__.sgavar_file_var_579_139565ed,Hora,HORREC,stock.field_stock_picking_date_done, ,98,95,0,5,5,sga_ulma_integration.model_stock_picking,True,10,
,,,,,,,,,,__export__.sgavar_file_var_580_d1545318,Alfanumerico,OBS,stock.field_stock_picking_note, ,139,99,0,40,40,sga_ulma_integration.model_stock_picking,False,11,
,,,,,,,,,,__export__.sgavar_file_var_569_0f7d8ca3,one2many,MOVE_LINES,sga_adaia_integration.field_stock_picking_adaia_move_ids,,0,0,0,0,0,sga_ulma_integration.model_stock_picking,True,12,OIN
,,,,,,,,,,__export__.sgavar_file_var_583_5ff88451,Alfanumerico,ACCION,, ,6,5,0,2,2,sga_ulma_integration.model_stock_picking,True,2,MO
,,,,,,,,,,__export__.sgavar_file_var_584_7b43f07a,Alfanumerico,EXPORDREF,sga_adaia_integration.field_stock_picking_sga_adaia_picking_name, ,21,7,0,15,15,sga_ulma_integration.model_stock_picking,True,3,
,,,,,,,,,,__export__.sgavar_file_var_585_3401c89c,Numérico,ALMREF,, ,23,22,0,2,2,sga_ulma_integration.model_stock_picking,True,4,1
,,,,,,,,,,__export__.sgavar_file_var_586_2607cc8c,Related-Alfanumérico,TERREF,stock.field_stock_picking_partner_id, ,39,24,0,16,16,sga_ulma_integration.model_stock_picking,True,5,ref
,,,,,,,,,,__export__.sgavar_file_var_587_e15dc7d5,Alfanumerico,TERPROREF,, ,55,40,0,16,16,sga_ulma_integration.model_stock_picking,False,6,
,,,,,,,,,,__export__.sgavar_file_var_588_ff8a5931,Alfanumerico,EXPORDTIP,sga_adaia_integration.field_stock_picking_adaia_code, ,59,56,0,4,4,sga_ulma_integration.model_stock_picking,False,7,
,,,,,,,,,,__export__.sgavar_file_var_589_366975ce,Related-Alfanumérico,EXPORDSUBTIP,shipping_type.field_stock_picking_delivery_route_path_id, ,63,60,0,4,4,sga_ulma_integration.model_stock_picking,False,8,name
,,,,,,,,,,__export__.sgavar_file_var_590_644685a7,Alfanumerico,TRAREF,, ,79,64,0,16,16,sga_ulma_integration.model_stock_picking,False,9,
,,,,,,,,,,__export__.sgavar_file_var_591_453df48e,Fecha,FECORD,__export__.ir_model_fields_8590_7acc3e09, ,87,80,0,8,8,sga_ulma_integration.model_stock_picking,False,10,
,,,,,,,,,,__export__.sgavar_file_var_592_549747f4,Alfanumerico,FECEXP,, ,95,88,0,8,8,sga_ulma_integration.model_stock_picking,False,11,
,,,,,,,,,,__export__.sgavar_file_var_593_ba4b0231,Alfanumerico,HOREXP,, ,99,96,0,4,4,sga_ulma_integration.model_stock_picking,False,12,
,,,,,,,,,,__export__.sgavar_file_var_594_bc144cde,Alfanumerico,URGENT,, ,100,100,0,1,1,sga_ulma_integration.model_stock_picking,True,13,N
,,,,,,,,,,__export__.sgavar_file_var_595_fc2c7947,Alfanumerico,OBS,, ,140,101,0,40,40,sga_ulma_integration.model_stock_picking,False,14,
,,,,,,,,,,__export__.sgavar_file_var_596_9f8f7582,Alfanumerico,MUEEXP,sga_adaia_integration.field_stock_picking_adaia_dock, ,146,141,0,6,6,sga_ulma_integration.model_stock_picking,False,15,
,,,,,,,,,,__export__.sgavar_file_var_597_0210bcff,Alfanumerico,PRVCAMCOM,, ,306,147,0,160,160,sga_ulma_integration.model_stock_picking,False,16,
,,,,,,,,,,__export__.sgavar_file_var_598_8944155d,Alfanumerico,AGROEXGENACC,sga_adaia_integration.field_stock_picking_adaia_group, ,322,307,0,16,16,sga_ulma_integration.model_stock_picking,False,17,
,,,,,,,,,,__export__.sgavar_file_var_599_32ca0681,Numérico,NUMVER,, ,326,323,0,4,4,sga_ulma_integration.model_stock_picking,False,18,0
,,,,,,,,,,__export__.sgavar_file_var_581_49804130,one2many,MOVE_LINES,sga_adaia_integration.field_stock_picking_adaia_move_ids, ,0,0,0,0,0,sga_ulma_integration.model_stock_picking,True,19,OLO
,,,,,,,,,,__export__.sgavar_file_var_602_369662cd,Alfanumerico,ACCION,, ,6,5,0,2,2,sga_ulma_integration.model_stock_picking,True,1,MO
,,,,,,,,,,__export__.sgavar_file_var_603_7e1ff00d,Alfanumerico,EXPORDREF,, ,21,7,0,15,15,sga_ulma_integration.model_stock_picking,True,2,
,,,,,,,,,,__export__.sgavar_file_var_604_565bdd97,Alfanumerico,ALMREF,, ,23,22,0,2,2,sga_ulma_integration.model_stock_picking,True,3,1
,,,,,,,,,,__export__.sgavar_file_var_605_00359abb,Related-Alfanumérico,TERREF,stock.field_stock_picking_partner_id, ,39,24,0,16,16,sga_ulma_integration.model_stock_picking,True,4,ref
,,,,,,,,,,__export__.sgavar_file_var_606_cf1f2606,Alfanumerico,TERPROREF,, ,55,40,0,16,16,sga_ulma_integration.model_stock_picking,False,5,
,,,,,,,,,,__export__.sgavar_file_var_607_2ef0be44,Alfanumerico,EXPORDTIP,, ,59,56,0,4,4,sga_ulma_integration.model_stock_picking,False,6,
,,,,,,,,,,__export__.sgavar_file_var_608_48926fd0,Alfanumerico,EXPORDSUBTIP,, ,63,60,0,4,4,sga_ulma_integration.model_stock_picking,False,7,
,,,,,,,,,,__export__.sgavar_file_var_609_6d8480f9,Alfanumerico,ALBARA,, ,75,64,0,12,12,sga_ulma_integration.model_stock_picking,False,8,
,,,,,,,,,,__export__.sgavar_file_var_611_a4cf6690,Fecha,FECEXP,stock.field_stock_picking_scheduled_date, ,83,76,0,8,8,sga_ulma_integration.model_stock_picking,False,9,
,,,,,,,,,,__export__.sgavar_file_var_612_a069dd96,Hora,HOREXP,stock.field_stock_picking_scheduled_date, ,87,84,0,4,4,sga_ulma_integration.model_stock_picking,False,10,
,,,,,,,,,,__export__.sgavar_file_var_614_14fb10b7,Alfanumerico,OBS,stock.field_stock_picking_note, ,127,88,0,40,40,sga_ulma_integration.model_stock_picking,False,11,
,,,,,,,,,,__export__.sgavar_file_var_615_c4ca287f,Alfanumerico,PRVCAMCOM,, ,286,128,0,160,160,sga_ulma_integration.model_stock_picking,True,12,
,,,,,,,,,,__export__.sgavar_file_var_1084_c7d1e57d,Alfanumerico,AGROEXGENACC,,,301,287,0,166,16,sga_ulma_integration.model_stock_picking,False,13,
,,,,,,,,,,__export__.sgavar_file_var_601_12c468d6,one2many,MOVE_LINE,stock.field_stock_picking_move_line_ids,,0,0,0,0,0,sga_ulma_integration.model_stock_picking,True,14,CEL
,,,,,,,,,,__export__.sgavar_file_var_1112_74f4b9fe,one2many,CONTENT_LINES,stock.field_stock_picking_move_line_ids, ,0,0,0,0,0,sga_ulma_integration.model_stock_picking,True,15,CEN
,,,,,,,,,,__export__.sgavar_file_var_617_52f6f4f2,Alfanumerico,ACCION,, ,6,5,0,2,2,sga_ulma_integration.model_stock_move_line,True,1,AG
,,,,,,,,,,__export__.sgavar_file_var_618_5137a78d,Alfanumerico,RECORDREF,stock.field_stock_move_line_reference, ,22,7,0,16,16,sga_ulma_integration.model_stock_move_line,True,2,
,,,,,,,,,,__export__.sgavar_file_var_619_1a49ce0f,Alfanumerico,ARTREF,, ,38,23,0,16,16,sga_ulma_integration.model_stock_move_line,True,3,
,,,,,,,,,,__export__.sgavar_file_var_620_04c1127f,Numérico,CANPED,stock.field_stock_move_line_ordered_qty, ,47,39,0,9,9,sga_ulma_integration.model_stock_move_line,True,4,
,,,,,,,,,,__export__.sgavar_file_var_621_9d874f9f,Alfanumerico,TIPUNI,, ,51,48,0,4,4,sga_ulma_integration.model_stock_move_line,True,5,UD
,,,,,,,,,,__export__.sgavar_file_var_622_d67291e6,Related-Numérico,NUMUNI,stock.field_stock_move_line_product_uom_id, ,59,52,0,8,8,sga_ulma_integration.model_stock_move_line,True,6,factor
,,,,,,,,,,__export__.sgavar_file_var_623_e6f077dc,Related-Numérico,PESPED,stock.field_stock_move_line_product_id, ,68,60,3,3,6,sga_ulma_integration.model_stock_move_line,False,7,weight
,,,,,,,,,,__export__.sgavar_file_var_624_b68a6d18,Related-Numérico,PRECOM,stock.field_stock_move_line_product_id, ,77,69,2,7,9,sga_ulma_integration.model_stock_move_line,False,8,standard_price
,,,,,,,,,,__export__.sgavar_file_var_625_d46cb9f5,Alfanumerico,ADMCANMAY,, ,78,78,0,1,1,sga_ulma_integration.model_stock_move_line,False,9,N
,,,,,,,,,,__export__.sgavar_file_var_626_a22df7a7,Alfanumerico,ADMCANMEN,, ,79,79,0,1,1,sga_ulma_integration.model_stock_move_line,False,10,N
,,,,,,,,,,__export__.sgavar_file_var_627_83640e01,Alfanumerico,IGNCAD,, ,80,80,0,1,1,sga_ulma_integration.model_stock_move_line,False,11,N
,,,,,,,,,,__export__.sgavar_file_var_628_7cc2ebe9,Alfanumerico,CTRCAL,, ,81,81,0,1,1,sga_ulma_integration.model_stock_move_line,False,12,N
,,,,,,,,,,__export__.sgavar_file_var_629_41d074c8,Numérico,RECORDLIN,stock.field_stock_move_line_id, ,90,82,0,9,9,sga_ulma_integration.model_stock_move_line,False,13,
,,,,,,,,,,__export__.sgavar_file_var_630_cbefac6b,Numérico,ADMCANMAYPOR,, ,93,91,0,3,3,sga_ulma_integration.model_stock_move_line,False,14,
,,,,,,,,,,__export__.sgavar_file_var_631_d9d6ebf7,Alfanumerico,LOTE,stock.field_stock_move_line_lot_name, ,103,94,0,20,20,sga_ulma_integration.model_stock_move_line,False,15,
,,,,,,,,,,__export__.sgavar_file_var_633_a326107c,Alfanumerico,ACCION,, ,6,5,0,2,2,sga_ulma_integration.model_stock_move_line,True,1,AG
,,,,,,,,,,__export__.sgavar_file_var_634_51501013,Alfanumerico,RECORDREF,stock.field_stock_move_line_reference, ,22,7,0,16,16,sga_ulma_integration.model_stock_move_line,True,2,
,,,,,,,,,,__export__.sgavar_file_var_635_9b906b1b,Alfanumerico,ARTREF,, ,38,23,0,16,16,sga_ulma_integration.model_stock_move_line,True,3,
,,,,,,,,,,__export__.sgavar_file_var_636_a5777eaa,Related-Numérico,CANREC,stock.field_stock_move_line_product_uom_id, ,47,39,0,9,9,sga_ulma_integration.model_stock_move_line,True,4,factor
,,,,,,,,,,__export__.sgavar_file_var_637_95c5cde5,Alfanumerico,TIPUNI,, ,51,48,0,4,4,sga_ulma_integration.model_stock_move_line,True,5,UD
,,,,,,,,,,__export__.sgavar_file_var_638_0a6d3159,Related-Numérico,PESREC,product.field_product_product_weight, ,60,52,3,6,9,sga_ulma_integration.model_stock_move_line,False,6,weight
,,,,,,,,,,__export__.sgavar_file_var_639_736fb1ca,Related-Numérico,PRECOM,product.field_product_product_weight, ,69,61,2,7,9,sga_ulma_integration.model_stock_move_line,False,7,standard_price
,,,,,,,,,,__export__.sgavar_file_var_640_46a913dc,Numérico,PESPRO,, ,78,70,3,6,9,sga_ulma_integration.model_stock_move_line,False,8,
,,,,,,,,,,__export__.sgavar_file_var_641_c4f622bb,Numérico,RECORDLIN,stock.field_stock_move_line_id, ,77,79,0,9,9,sga_ulma_integration.model_stock_move_line,False,9,
,,,,,,,,,,__export__.sgavar_file_var_642_c76b41a1,Alfanumerico,LOTE,stock.field_stock_move_line_lot_name, ,107,88,0,20,20,sga_ulma_integration.model_stock_move_line,False,10,
,,,,,,,,,,__export__.sgavar_file_var_643_8cb04739,Alfanumerico,INCIDENCIA,, ,167,108,0,60,60,sga_ulma_integration.model_stock_move_line,False,11,
,,,,,,,,,,__export__.sgavar_file_var_645_ad28f32a,Alfanumerico,ACCION,, ,6,5,0,2,2,sga_ulma_integration.model_stock_move_line,True,1,AG
,,,,,,,,,,__export__.sgavar_file_var_646_dba4da85,Alfanumerico,EXPORDREF,stock.field_stock_move_line_reference, ,21,7,0,15,15,sga_ulma_integration.model_stock_move_line,True,2,
,,,,,,,,,,__export__.sgavar_file_var_647_70eb599c,Numérico,EXPORDLIN,stock.field_stock_move_line_id, ,30,22,0,9,9,sga_ulma_integration.model_stock_move_line,False,3,
,,,,,,,,,,__export__.sgavar_file_var_648_42d9bffb,Alfanumerico,ARTREF,, ,46,31,0,16,16,sga_ulma_integration.model_stock_move_line,True,4,
,,,,,,,,,,__export__.sgavar_file_var_649_a4eddd3a,Numérico,CANPED,stock.field_stock_move_line_ordered_qty, ,55,47,0,9,9,sga_ulma_integration.model_stock_move_line,True,5,
,,,,,,,,,,__export__.sgavar_file_var_650_7502333e,Alfanumerico,TIPUNI,, ,59,56,0,4,4,sga_ulma_integration.model_stock_move_line,True,6,UD
,,,,,,,,,,__export__.sgavar_file_var_703_9e5070ac,Related-Numérico,NUMUNI,stock.field_stock_move_line_product_uom_id, ,67,60,0,8,8,sga_ulma_integration.model_stock_move_line,True,7,factor
,,,,,,,,,,__export__.sgavar_file_var_704_b2b62cc7,Related-Numérico,PESPED,stock.field_stock_move_line_product_id, ,76,68,3,6,9,sga_ulma_integration.model_stock_move_line,False,8,weight
,,,,,,,,,,__export__.sgavar_file_var_705_7e7cbef5,Related-Numérico,PREVEN,stock.field_stock_move_line_product_id, ,85,77,2,7,9,sga_ulma_integration.model_stock_move_line,False,9,standard_price
,,,,,,,,,,__export__.sgavar_file_var_706_e42df8d8,Related-Alfanumérico,OBS,stock.field_stock_move_line_picking_id, ,125,86,0,40,40,sga_ulma_integration.model_stock_move_line,False,10,note
,,,,,,,,,,__export__.sgavar_file_var_707_b489faca,Alfanumerico,LOTE,stock.field_stock_move_line_lot_name, ,145,126,0,20,20,sga_ulma_integration.model_stock_move_line,False,11,
,,,,,,,,,,__export__.sgavar_file_var_708_e4c3a715,Alfanumerico,KIT,, ,146,146,0,1,1,sga_ulma_integration.model_stock_move_line,False,12,N
,,,,,,,,,,__export__.sgavar_file_var_709_0cc5e64c,Numérico,VIDAUTILMIN,, ,149,147,0,3,3,sga_ulma_integration.model_stock_move_line,False,13,
,,,,,,,,,,__export__.sgavar_file_var_710_92cb24a3,Numérico,VIDAUTILMAX,, ,152,150,0,3,3,sga_ulma_integration.model_stock_move_line,False,14,
,,,,,,,,,,__export__.sgavar_file_var_712_919e1d13,Alfanumerico,ACCION,, ,6,5,0,2,2,sga_ulma_integration.model_stock_move,True,1,AG
,,,,,,,,,,__export__.sgavar_file_var_713_11dcc9eb,Alfanumerico,EXPORDREF,stock.field_stock_move_line_reference, ,21,7,0,15,15,sga_ulma_integration.model_stock_move,True,2,
,,,,,,,,,,__export__.sgavar_file_var_714_8bc77521,Numérico,EXPORDLIN,stock.field_stock_move_line_id, ,30,22,0,9,9,sga_ulma_integration.model_stock_move,True,3,
,,,,,,,,,,__export__.sgavar_file_var_715_51f32d0e,Related-Numérico,ARTREF,stock.field_stock_move_line_product_id, ,46,31,0,16,16,sga_ulma_integration.model_stock_move,True,4,reference
,,,,,,,,,,__export__.sgavar_file_var_716_0d746ab9,Alfanumerico,CANPED,stock.field_stock_move_product_uom_qty, ,55,47,0,9,9,sga_ulma_integration.model_stock_move,True,5,
,,,,,,,,,,__export__.sgavar_file_var_717_f0fc833a,Alfanumerico,CANSER,stock.field_stock_move_line_product_qty, ,64,56,0,9,9,sga_ulma_integration.model_stock_move,True,6,
,,,,,,,,,,__export__.sgavar_file_var_718_46e8b5c6,Alfanumerico,TIPUNI,, ,68,65,0,4,4,sga_ulma_integration.model_stock_move,True,7,UD
,,,,,,,,,,__export__.sgavar_file_var_719_19d08f42,Related-Numérico,PESSER,product.field_product_product_weight, ,77,69,3,6,9,sga_ulma_integration.model_stock_move,False,8,weight
,,,,,,,,,,__export__.sgavar_file_var_720_8b876ebf,Related-Numérico,PREVEN,product.field_product_product_weight, ,86,78,2,7,9,sga_ulma_integration.model_stock_move,False,9,standard_price
,,,,,,,,,,__export__.sgavar_file_var_1085_56ecbaa5,Alfanumerico,OBS,, ,126,87,0,40,40,sga_ulma_integration.model_stock_move,False,10,
,,,,,,,,,,__export__.sgavar_file_var_1086_861169e4,Related-Alfanumérico,LOTE,stock.field_stock_move_line_lot_id, ,146,127,0,20,20,sga_ulma_integration.model_stock_move,False,11,ID
,,,,,,,,,,__export__.sgavar_file_var_723_3ad5ee2d,Alfanumerico,ACCION,, ,6,5,0,2,2,stock_move_selection_wzd.model_res_partner,True,1,MO
,,,,,,,,,,__export__.sgavar_file_var_724_0b2b441d,Alfanumerico,TERREF,sga_adaia_integration.field_res_partner_sga_ref, ,22,7,0,16,16,stock_move_selection_wzd.model_res_partner,True,2,
,,,,,,,,,,__export__.sgavar_file_var_725_424130f0,Alfanumerico,TERDES,base.field_res_partner_name, ,62,23,0,40,40,stock_move_selection_wzd.model_res_partner,True,3,
,,,,,,,,,,__export__.sgavar_file_var_726_e291b293,Alfanumerico,TERPRIREF,, ,78,63,0,16,16,stock_move_selection_wzd.model_res_partner,False,4,
,,,,,,,,,,__export__.sgavar_file_var_733_93d9c7a4,Alfanumerico,ALIAS,base.field_res_partner_display_name, ,90,79,0,12,12,stock_move_selection_wzd.model_res_partner,True,5,
,,,,,,,,,,__export__.sgavar_file_var_756_6361a08c,Alfanumerico,TERORI,sga_adaia_integration.field_res_partner_partner_type, ,94,91,0,4,4,stock_move_selection_wzd.model_res_partner,True,6,
,,,,,,,,,,__export__.sgavar_file_var_757_9efbd841,Alfanumerico,DIR1,base.field_res_partner_street, ,134,95,0,40,40,stock_move_selection_wzd.model_res_partner,False,7,
,,,,,,,,,,__export__.sgavar_file_var_758_6255f798,Alfanumerico,DIR2,base.field_res_partner_city, ,174,135,0,40,40,stock_move_selection_wzd.model_res_partner,False,8,
,,,,,,,,,,__export__.sgavar_file_var_759_de8d4eec,Related-Alfanumérico,DIR3,base.field_res_partner_state_id, ,214,175,0,40,40,stock_move_selection_wzd.model_res_partner,False,9,name
,,,,,,,,,,__export__.sgavar_file_var_760_ef761a22,Related-Alfanumérico,DIR4,base.field_res_partner_country_id, ,254,215,0,40,40,stock_move_selection_wzd.model_res_partner,False,10,name
,,,,,,,,,,__export__.sgavar_file_var_761_806aa93c,Numérico,POSCOD,base.field_res_partner_zip, ,260,255,0,6,6,stock_move_selection_wzd.model_res_partner,False,11,
,,,,,,,,,,__export__.sgavar_file_var_762_35543c0e,Related-Alfanumérico,PAISCOD,base.field_res_partner_country_id, ,264,261,0,4,4,stock_move_selection_wzd.model_res_partner,False,12,code
,,,,,,,,,,__export__.sgavar_file_var_763_b32066fc,Alfanumerico,PERAJU,, ,265,265,0,1,1,stock_move_selection_wzd.model_res_partner,False,13,N
,,,,,,,,,,__export__.sgavar_file_var_764_865f58dc,Alfanumerico,CNTEXPTIP,, ,269,266,0,4,4,stock_move_selection_wzd.model_res_partner,False,14,PL
,,,,,,,,,,__export__.sgavar_file_var_777_b3a0dcc1,Alfanumerico,NUMTELSMS,base.field_res_partner_mobile, ,349,270,0,80,80,stock_move_selection_wzd.model_res_partner,False,15,
,,,,,,,,,,__export__.sgavar_file_var_778_a21ba7eb,Alfanumerico,NUMTELFAX,partner_fax.field_res_partner_fax, ,429,350,0,80,80,stock_move_selection_wzd.model_res_partner,False,16,
,,,,,,,,,,__export__.sgavar_file_var_779_16b74d56,Alfanumerico,EMAILD,base.field_res_partner_email, ,509,430,0,80,80,stock_move_selection_wzd.model_res_partner,False,17,
,,,,,,,,,,__export__.sgavar_file_var_780_49146952,Alfanumerico,CNTEXPTIPCAJ,, ,513,510,0,4,4,stock_move_selection_wzd.model_res_partner,False,18,
,,,,,,,,,,__export__.sgavar_file_var_781_c33fcb8b,Alfanumerico,POSCODINT,, ,521,514,0,8,8,stock_move_selection_wzd.model_res_partner,False,19,
,,,,,,,,,,__export__.sgavar_file_var_783_a03f4f27,Alfanumerico,ACCION,, ,6,5,0,2,2,stock_move_selection_wzd.model_res_partner,True,1,MO
,,,,,,,,,,__export__.sgavar_file_var_789_2d81d6ab,Alfanumerico,TERREF,base.field_res_partner_ref, ,22,7,0,16,16,stock_move_selection_wzd.model_res_partner,True,2,
,,,,,,,,,,__export__.sgavar_file_var_790_b8071717,Alfanumerico,TERDES,base.field_res_partner_name, ,62,23,0,40,40,stock_move_selection_wzd.model_res_partner,True,3,
,,,,,,,,,,__export__.sgavar_file_var_791_615e638d,Alfanumerico,TERPRIREF,, ,78,63,0,16,16,stock_move_selection_wzd.model_res_partner,False,4,
,,,,,,,,,,__export__.sgavar_file_var_792_8af6c1e4,Alfanumerico,ALIAS,base.field_res_partner_display_name, ,90,79,0,12,12,stock_move_selection_wzd.model_res_partner,True,5,
,,,,,,,,,,__export__.sgavar_file_var_838_ee7c5c1a,Alfanumerico,TERORI,sga_adaia_integration.field_res_partner_partner_type, ,94,91,0,4,4,stock_move_selection_wzd.model_res_partner,True,6,
,,,,,,,,,,__export__.sgavar_file_var_839_884524cc,Alfanumerico,DIR1,base.field_res_partner_street, ,134,95,0,40,40,stock_move_selection_wzd.model_res_partner,False,7,
,,,,,,,,,,__export__.sgavar_file_var_840_a1b418ee,Alfanumerico,DIR2,base.field_res_partner_city, ,174,135,0,40,40,stock_move_selection_wzd.model_res_partner,False,8,
,,,,,,,,,,__export__.sgavar_file_var_841_0128c26c,Related-Alfanumérico,DIR3,base.field_res_partner_state_id, ,214,175,0,40,40,stock_move_selection_wzd.model_res_partner,False,9,name
,,,,,,,,,,__export__.sgavar_file_var_842_4c7fc374,Related-Alfanumérico,DIR4,base.field_res_partner_country_id, ,254,215,0,40,40,stock_move_selection_wzd.model_res_partner,False,10,name
,,,,,,,,,,__export__.sgavar_file_var_843_8f3c50a6,Numérico,POSCOD,base.field_res_partner_zip, ,260,255,0,6,6,stock_move_selection_wzd.model_res_partner,False,11,
,,,,,,,,,,__export__.sgavar_file_var_844_f294ffa8,Related-Alfanumérico,PAISCOD,base.field_res_partner_country_id, ,264,261,0,4,4,stock_move_selection_wzd.model_res_partner,False,12,code
,,,,,,,,,,__export__.sgavar_file_var_845_cabb2d8b,Alfanumerico,PERAJU,, ,265,265,0,1,1,stock_move_selection_wzd.model_res_partner,False,13,N
,,,,,,,,,,__export__.sgavar_file_var_846_e953fe56,Alfanumerico,CNTEXPTIP,, ,269,266,0,4,4,stock_move_selection_wzd.model_res_partner,False,14,PL
,,,,,,,,,,__export__.sgavar_file_var_847_d9855134,Alfanumerico,NUMTELSMS,base.field_res_partner_mobile, ,349,270,0,80,80,stock_move_selection_wzd.model_res_partner,False,15,
,,,,,,,,,,__export__.sgavar_file_var_848_f9dad25f,Alfanumerico,NUMTELFAX,partner_fax.field_res_partner_fax, ,429,350,0,80,80,stock_move_selection_wzd.model_res_partner,False,16,
,,,,,,,,,,__export__.sgavar_file_var_849_1d045b9c,Alfanumerico,EMAILD,base.field_res_partner_email, ,509,430,0,80,80,stock_move_selection_wzd.model_res_partner,False,17,
,,,,,,,,,,__export__.sgavar_file_var_850_d0546442,Alfanumerico,CNTEXPTIPCAJ,, ,513,510,0,4,4,stock_move_selection_wzd.model_res_partner,False,18,
,,,,,,,,,,__export__.sgavar_file_var_851_7ea931e8,Alfanumerico,POSCODINT,, ,521,514,0,8,8,stock_move_selection_wzd.model_res_partner,False,19,
,,,,,,,,,,__export__.sgavar_file_var_853_a93dfc48,Alfanumerico,ACCION,, ,6,5,0,2,2,stock_move_selection_wzd.model_res_partner,True,1,DE
,,,,,,,,,,__export__.sgavar_file_var_854_1a1addfc,Alfanumerico,TERREF,base.field_res_partner_ref, ,22,7,0,16,16,stock_move_selection_wzd.model_res_partner,True,2,
,,,,,,,,,,__export__.sgavar_file_var_855_bbc178bf,Alfanumerico,TERDES,base.field_res_partner_name, ,62,23,0,40,40,stock_move_selection_wzd.model_res_partner,True,3,
,,,,,,,,,,__export__.sgavar_file_var_859_629fb783,Alfanumerico,TERPRIREF,, ,78,63,0,16,16,stock_move_selection_wzd.model_res_partner,False,4,
,,,,,,,,,,__export__.sgavar_file_var_860_1a2d4b63,Alfanumerico,ALIAS,base.field_res_partner_display_name, ,90,79,0,12,12,stock_move_selection_wzd.model_res_partner,True,5,
,,,,,,,,,,__export__.sgavar_file_var_861_565452d9,Alfanumerico,TERORI,sga_adaia_integration.field_res_partner_partner_type, ,94,91,0,4,4,stock_move_selection_wzd.model_res_partner,True,6,
,,,,,,,,,,__export__.sgavar_file_var_862_da29fcf6,Alfanumerico,DIR1,base.field_res_partner_street, ,134,95,0,40,40,stock_move_selection_wzd.model_res_partner,False,7,
,,,,,,,,,,__export__.sgavar_file_var_863_e04b426c,Alfanumerico,DIR2,base.field_res_partner_city, ,174,135,0,40,40,stock_move_selection_wzd.model_res_partner,False,8,
,,,,,,,,,,__export__.sgavar_file_var_864_00699d3c,Related-Alfanumérico,DIR3,base.field_res_partner_state_id, ,214,175,0,40,40,stock_move_selection_wzd.model_res_partner,False,9,name
,,,,,,,,,,__export__.sgavar_file_var_865_580e1066,Related-Alfanumérico,DIR4,base.field_res_partner_country_id, ,254,215,0,40,40,stock_move_selection_wzd.model_res_partner,False,10,name
,,,,,,,,,,__export__.sgavar_file_var_866_4417e248,Numérico,POSCOD,base.field_res_partner_zip, ,260,255,0,6,6,stock_move_selection_wzd.model_res_partner,False,11,
,,,,,,,,,,__export__.sgavar_file_var_867_92225c4f,Related-Alfanumérico,PAISCOD,base.field_res_partner_country_id, ,264,261,0,4,4,stock_move_selection_wzd.model_res_partner,False,12,code
,,,,,,,,,,__export__.sgavar_file_var_868_eaed00ef,Alfanumerico,PERAJU,, ,265,265,0,1,1,stock_move_selection_wzd.model_res_partner,False,13,N
,,,,,,,,,,__export__.sgavar_file_var_869_2ca916c0,Alfanumerico,CNTEXPTIP,, ,269,266,0,4,4,stock_move_selection_wzd.model_res_partner,False,14,PL
,,,,,,,,,,__export__.sgavar_file_var_870_d39b7472,Alfanumerico,NUMTELSMS,base.field_res_partner_mobile, ,349,270,0,80,80,stock_move_selection_wzd.model_res_partner,False,15,
,,,,,,,,,,__export__.sgavar_file_var_871_89f21a06,Alfanumerico,NUMTELFAX,partner_fax.field_res_partner_fax, ,429,350,0,80,80,stock_move_selection_wzd.model_res_partner,False,16,
,,,,,,,,,,__export__.sgavar_file_var_872_141742fd,Alfanumerico,EMAILD,base.field_res_partner_email, ,509,430,0,80,80,stock_move_selection_wzd.model_res_partner,False,17,
,,,,,,,,,,__export__.sgavar_file_var_873_8d6ed8c3,Alfanumerico,CNTEXPTIPCAJ,, ,513,510,0,4,4,stock_move_selection_wzd.model_res_partner,False,18,
,,,,,,,,,,__export__.sgavar_file_var_874_f14a0a31,Alfanumerico,POSCODINT,, ,521,514,0,8,8,stock_move_selection_wzd.model_res_partner,False,19,
,,,,,,,,,,__export__.sgavar_file_var_876_710cdf51,Alfanumerico,ACCION,, ,6,5,0,2,2,stock_available_global.model_product_product,True,1,AG
,,,,,,,,,,__export__.sgavar_file_var_877_df1daf8c,Alfanumerico,ARTREF,product.field_product_template_default_code, ,22,7,0,16,16,stock_available_global.model_product_product,True,2,
,,,,,,,,,,__export__.sgavar_file_var_878_344a1b80,Alfanumerico,ARTDES,product.field_product_template_name, ,62,23,0,40,40,stock_available_global.model_product_product,True,3,
,,,,,,,,,,__export__.sgavar_file_var_879_3d494ae3,Alfanumerico,ARTPRIREF,, ,78,63,0,16,16,stock_available_global.model_product_product,False,4,
,,,,,,,,,,__export__.sgavar_file_var_880_f70f0366,Alfanumerico,ROTTIP,, ,82,79,0,4,4,stock_available_global.model_product_product,True,5,FE
,,,,,,,,,,__export__.sgavar_file_var_881_a418352c,Alfanumerico,DIACAD,, ,87,83,0,5,5,stock_available_global.model_product_product,False,6,
,,,,,,,,,,__export__.sgavar_file_var_882_3b96c278,Alfanumerico,DIACADMAX,, ,92,88,0,5,5,stock_available_global.model_product_product,False,7,
,,,,,,,,,,__export__.sgavar_file_var_883_2f542fda,Alfanumerico,DIAMINCADEXP,, ,97,93,0,5,5,stock_available_global.model_product_product,False,8,
,,,,,,,,,,__export__.sgavar_file_var_884_e62a6828,Alfanumerico,LOTREQ,, ,98,98,0,1,1,stock_available_global.model_product_product,False,9,
,,,,,,,,,,__export__.sgavar_file_var_885_39e28a0c,Alfanumerico,PESVAR,, ,99,99,0,1,1,stock_available_global.model_product_product,False,10,N
,,,,,,,,,,__export__.sgavar_file_var_886_b2715305,Alfanumerico,SINEAN,, ,100,100,0,1,1,stock_available_global.model_product_product,False,11,
,,,,,,,,,,__export__.sgavar_file_var_887_bf27151f,Alfanumerico,UNIMIN,, ,104,101,0,4,4,stock_available_global.model_product_product,True,12,UD
,,,,,,,,,,__export__.sgavar_file_var_888_5cf23652,Alfanumerico,UNIREC,, ,108,105,0,4,4,stock_available_global.model_product_product,True,13,UD
,,,,,,,,,,__export__.sgavar_file_var_889_626c05a6,Alfanumerico,UNIALM,, ,112,109,0,4,4,stock_available_global.model_product_product,True,14,UD
,,,,,,,,,,__export__.sgavar_file_var_890_d3d83902,Alfanumerico,UNIEXP,, ,116,113,0,4,4,stock_available_global.model_product_product,True,15,UD
,,,,,,,,,,__export__.sgavar_file_var_891_40c126fb,Alfanumerico,GESSER,, ,117,117,0,1,1,stock_available_global.model_product_product,False,16,N
,,,,,,,,,,__export__.sgavar_file_var_892_cb006147,Alfanumerico,TERPROREF,, ,133,118,0,16,16,stock_available_global.model_product_product,False,17,
,,,,,,,,,,__export__.sgavar_file_var_893_34b1938e,Alfanumerico,SITINI,, ,137,134,0,4,4,stock_available_global.model_product_product,False,18,OK
,,,,,,,,,,__export__.sgavar_file_var_894_f04cc82f,Alfanumerico,BLOQUEADO,, ,138,138,0,1,1,stock_available_global.model_product_product,False,19,N
,,,,,,,,,,__export__.sgavar_file_var_895_4650df0a,Numérico,NUMDIACALCAD,, ,142,139,0,4,4,stock_available_global.model_product_product,False,20,
,,,,,,,,,,__export__.sgavar_file_var_896_7d72cc90,Numérico,ADMCANMAYPOR,, ,145,143,0,3,3,stock_available_global.model_product_product,False,21,
,,,,,,,,,,__export__.sgavar_file_var_897_fd06ba61,Alfanumerico,LOTE,, ,165,146,0,20,20,stock_available_global.model_product_product,False,22,
,,,,,,,,,,__export__.sgavar_file_var_898_37ee4b17,Alfanumerico,CONCRETO,, ,167,166,0,2,2,stock_available_global.model_product_product,False,23,
,,,,,,,,,,__export__.sgavar_file_var_899_fe3c9dac,Alfanumerico,CNTTIP,, ,173,168,0,8,8,stock_available_global.model_product_product,False,24,
,,,,,,,,,,__export__.sgavar_file_var_900_ad2f4a92,Alfanumerico,LOTREQEXP,, ,174,174,0,1,1,stock_available_global.model_product_product,False,25,N
,,,,,,,,,,__export__.sgavar_file_var_901_2fe2a415,Alfanumerico,CRIROTREQEXP,, ,175,175,0,1,1,stock_available_global.model_product_product,False,26,N
,,,,,,,,,,__export__.sgavar_file_var_902_b4c007a4,Alfanumerico,PRIEXPEDI,, ,179,176,0,4,4,stock_available_global.model_product_product,False,27,
,,,,,,,,,,__export__.sgavar_file_var_903_89d3782f,Alfanumerico,GESENV,, ,180,180,0,1,1,stock_available_global.model_product_product,False,28,
,,,,,,,,,,__export__.sgavar_file_var_904_cdc89e42,Alfanumerico,SUBTIPART,, ,184,181,0,4,4,stock_available_global.model_product_product,False,29,
,,,,,,,,,,__export__.sgavar_file_var_905_6d27d303,Numérico,TEMRECMIN,, ,187,185,0,3,3,stock_available_global.model_product_product,False,30,
,,,,,,,,,,__export__.sgavar_file_var_906_882f1ed7,Numérico,TEMRECMAX,, ,190,188,0,3,3,stock_available_global.model_product_product,False,31,
,,,,,,,,,,__export__.sgavar_file_var_907_bacd20d9,Numérico,PESINFPOR,, ,192,191,0,3,3,stock_available_global.model_product_product,False,32,
,,,,,,,,,,__export__.sgavar_file_var_908_f7833cc6,Numérico,PRESSUPPOR,, ,195,193,0,3,3,stock_available_global.model_product_product,False,33,
,,,,,,,,,,__export__.sgavar_file_var_909_81aa85b6,Alfanumerico,REPREC,, ,199,196,0,4,4,stock_available_global.model_product_product,False,34,
,,,,,,,,,,__export__.sgavar_file_var_910_b2915418,Alfanumerico,ABCLOG,, ,200,200,0,1,1,stock_available_global.model_product_product,False,35,C
,,,,,,,,,,__export__.sgavar_file_var_912_3509cdc6,Alfanumerico,ACCION,, ,6,5,0,2,2,stock_available_global.model_product_product,True,1,MO
,,,,,,,,,,__export__.sgavar_file_var_913_c9917097,Alfanumerico,ARTREF,product.field_product_template_default_code, ,22,7,0,16,16,stock_available_global.model_product_product,True,2,
,,,,,,,,,,__export__.sgavar_file_var_914_1124088f,Alfanumerico,ARTDES,product.field_product_template_name, ,62,23,0,40,40,stock_available_global.model_product_product,True,3,
,,,,,,,,,,__export__.sgavar_file_var_915_b73d3e29,Alfanumerico,ARTPRIREF,, ,78,63,0,16,16,stock_available_global.model_product_product,False,4,
,,,,,,,,,,__export__.sgavar_file_var_916_c03cf278,Alfanumerico,ROTTIP,, ,82,79,0,4,4,stock_available_global.model_product_product,True,5,FE
,,,,,,,,,,__export__.sgavar_file_var_917_8440826e,Alfanumerico,DIACAD,, ,87,83,0,5,5,stock_available_global.model_product_product,False,6,
,,,,,,,,,,__export__.sgavar_file_var_918_2a95579d,Alfanumerico,DIACADMAX,, ,92,88,0,5,5,stock_available_global.model_product_product,False,7,
,,,,,,,,,,__export__.sgavar_file_var_919_d3099f80,Alfanumerico,DIAMINCADEXP,, ,97,93,0,5,5,stock_available_global.model_product_product,False,8,
,,,,,,,,,,__export__.sgavar_file_var_920_570ecadd,Alfanumerico,LOTREQ,, ,98,98,0,1,1,stock_available_global.model_product_product,False,9,
,,,,,,,,,,__export__.sgavar_file_var_921_5eec93fb,Alfanumerico,PESVAR,, ,99,99,0,1,1,stock_available_global.model_product_product,False,10,N
,,,,,,,,,,__export__.sgavar_file_var_922_be376fde,Alfanumerico,SINEAN,, ,100,100,0,1,1,stock_available_global.model_product_product,False,11,
,,,,,,,,,,__export__.sgavar_file_var_923_ed30829d,Alfanumerico,UNIMIN,, ,104,101,0,4,4,stock_available_global.model_product_product,True,12,UD
,,,,,,,,,,__export__.sgavar_file_var_924_87b4c5aa,Alfanumerico,UNIREC,, ,108,105,0,4,4,stock_available_global.model_product_product,True,13,UD
,,,,,,,,,,__export__.sgavar_file_var_925_57bdbfca,Alfanumerico,UNIALM,, ,112,109,0,4,4,stock_available_global.model_product_product,True,14,UD
,,,,,,,,,,__export__.sgavar_file_var_926_c4e51952,Alfanumerico,UNIEXP,, ,116,113,0,4,4,stock_available_global.model_product_product,True,15,UD
,,,,,,,,,,__export__.sgavar_file_var_927_fc3e9752,Alfanumerico,GESSER,, ,117,117,0,1,1,stock_available_global.model_product_product,False,16,N
,,,,,,,,,,__export__.sgavar_file_var_928_7d768f38,Alfanumerico,TERPROREF,, ,133,118,0,16,16,stock_available_global.model_product_product,False,17,
,,,,,,,,,,__export__.sgavar_file_var_929_d0fb72e7,Alfanumerico,SITINI,, ,137,134,0,4,4,stock_available_global.model_product_product,False,18,OK
,,,,,,,,,,__export__.sgavar_file_var_930_1240ce48,Alfanumerico,BLOQUEADO,, ,138,138,0,1,1,stock_available_global.model_product_product,False,19,N
,,,,,,,,,,__export__.sgavar_file_var_931_56bce295,Numérico,NUMDIACALCAD,, ,142,139,0,4,4,stock_available_global.model_product_product,False,20,
,,,,,,,,,,__export__.sgavar_file_var_932_45b7b3ca,Numérico,ADMCANMAYPOR,, ,145,143,0,3,3,stock_available_global.model_product_product,False,21,
,,,,,,,,,,__export__.sgavar_file_var_933_d07a8cf2,Alfanumerico,LOTE,, ,165,146,0,20,20,stock_available_global.model_product_product,False,22,
,,,,,,,,,,__export__.sgavar_file_var_934_b9a6e583,Alfanumerico,CONCRETO,, ,167,166,0,2,2,stock_available_global.model_product_product,False,23,
,,,,,,,,,,__export__.sgavar_file_var_935_25ded3bf,Alfanumerico,CNTTIP,, ,173,168,0,8,8,stock_available_global.model_product_product,False,24,
,,,,,,,,,,__export__.sgavar_file_var_936_8a1bbdad,Alfanumerico,LOTREQEXP,, ,174,174,0,1,1,stock_available_global.model_product_product,False,25,N
,,,,,,,,,,__export__.sgavar_file_var_937_67119735,Alfanumerico,CRIROTREQEXP,, ,175,175,0,1,1,stock_available_global.model_product_product,False,26,N
,,,,,,,,,,__export__.sgavar_file_var_938_03930337,Alfanumerico,PRIEXPEDI,, ,179,176,0,4,4,stock_available_global.model_product_product,False,27,
,,,,,,,,,,__export__.sgavar_file_var_939_15186829,Alfanumerico,GESENV,, ,180,180,0,1,1,stock_available_global.model_product_product,False,28,
,,,,,,,,,,__export__.sgavar_file_var_940_c78e4a45,Alfanumerico,SUBTIPART,, ,184,181,0,4,4,stock_available_global.model_product_product,False,29,
,,,,,,,,,,__export__.sgavar_file_var_941_4ceb0cdc,Numérico,TEMRECMIN,, ,187,185,0,3,3,stock_available_global.model_product_product,False,30,
,,,,,,,,,,__export__.sgavar_file_var_942_8b9999da,Numérico,TEMRECMAX,, ,190,188,0,3,3,stock_available_global.model_product_product,False,31,
,,,,,,,,,,__export__.sgavar_file_var_943_21a23c3c,Numérico,PESINFPOR,, ,192,191,0,3,3,stock_available_global.model_product_product,False,32,
,,,,,,,,,,__export__.sgavar_file_var_944_a0e1a18d,Numérico,PRESSUPPOR,, ,195,193,0,3,3,stock_available_global.model_product_product,False,33,
,,,,,,,,,,__export__.sgavar_file_var_945_6eace5a1,Alfanumerico,REPREC,, ,199,196,0,4,4,stock_available_global.model_product_product,False,34,
,,,,,,,,,,__export__.sgavar_file_var_946_0d4ce254,Alfanumerico,ABCLOG,, ,200,200,0,1,1,stock_available_global.model_product_product,False,35,C
,,,,,,,,,,__export__.sgavar_file_var_948_121e7e7b,Alfanumerico,ACCION,, ,6,5,0,2,2,stock_available_global.model_product_product,True,1,DE
,,,,,,,,,,__export__.sgavar_file_var_949_f9a22a48,Alfanumerico,ARTREF,product.field_product_template_default_code, ,22,7,0,16,16,stock_available_global.model_product_product,True,2,
,,,,,,,,,,__export__.sgavar_file_var_950_e6ac939b,Alfanumerico,ARTDES,product.field_product_template_name, ,62,23,0,40,40,stock_available_global.model_product_product,True,3,
,,,,,,,,,,__export__.sgavar_file_var_951_9218bba9,Alfanumerico,ARTPRIREF,, ,78,63,0,16,16,stock_available_global.model_product_product,False,4,
,,,,,,,,,,__export__.sgavar_file_var_952_51931ef5,Alfanumerico,ROTTIP,, ,82,79,0,4,4,stock_available_global.model_product_product,True,5,FE
,,,,,,,,,,__export__.sgavar_file_var_953_5ab6ec8b,Alfanumerico,DIACAD,, ,87,83,0,5,5,stock_available_global.model_product_product,False,6,
,,,,,,,,,,__export__.sgavar_file_var_954_d91b5ffb,Alfanumerico,DIACADMAX,, ,92,88,0,5,5,stock_available_global.model_product_product,False,7,
,,,,,,,,,,__export__.sgavar_file_var_955_eec0a8d5,Alfanumerico,DIAMINCADEXP,, ,97,93,0,5,5,stock_available_global.model_product_product,False,8,
,,,,,,,,,,__export__.sgavar_file_var_956_93c5efc5,Alfanumerico,LOTREQ,, ,98,98,0,1,1,stock_available_global.model_product_product,False,9,
,,,,,,,,,,__export__.sgavar_file_var_957_f3cfbcad,Alfanumerico,PESVAR,, ,99,99,0,1,1,stock_available_global.model_product_product,False,10,N
,,,,,,,,,,__export__.sgavar_file_var_958_3fa46cec,Alfanumerico,SINEAN,, ,100,100,0,1,1,stock_available_global.model_product_product,False,11,
,,,,,,,,,,__export__.sgavar_file_var_959_b12a7f24,Alfanumerico,UNIMIN,, ,104,101,0,4,4,stock_available_global.model_product_product,True,12,UD
,,,,,,,,,,__export__.sgavar_file_var_960_0a4c6673,Alfanumerico,UNIREC,, ,108,105,0,4,4,stock_available_global.model_product_product,True,13,UD
,,,,,,,,,,__export__.sgavar_file_var_961_387c1e51,Alfanumerico,UNIALM,, ,112,109,0,4,4,stock_available_global.model_product_product,True,14,UD
,,,,,,,,,,__export__.sgavar_file_var_962_43a2a9ee,Alfanumerico,UNIEXP,, ,116,113,0,4,4,stock_available_global.model_product_product,True,15,UD
,,,,,,,,,,__export__.sgavar_file_var_963_e647c16f,Alfanumerico,GESSER,, ,117,117,0,1,1,stock_available_global.model_product_product,False,16,N
,,,,,,,,,,__export__.sgavar_file_var_964_c2f456a4,Alfanumerico,TERPROREF,, ,133,118,0,16,16,stock_available_global.model_product_product,False,17,
,,,,,,,,,,__export__.sgavar_file_var_965_ce4dc015,Alfanumerico,SITINI,, ,137,134,0,4,4,stock_available_global.model_product_product,False,18,OK
,,,,,,,,,,__export__.sgavar_file_var_966_beab6e88,Alfanumerico,BLOQUEADO,, ,138,138,0,1,1,stock_available_global.model_product_product,False,19,N
,,,,,,,,,,__export__.sgavar_file_var_967_cf629c8a,Numérico,NUMDIACALCAD,, ,142,139,0,4,4,stock_available_global.model_product_product,False,20,
,,,,,,,,,,__export__.sgavar_file_var_968_0eddf1f1,Numérico,ADMCANMAYPOR,, ,145,143,0,3,3,stock_available_global.model_product_product,False,21,
,,,,,,,,,,__export__.sgavar_file_var_969_c9762599,Alfanumerico,LOTE,, ,165,146,0,20,20,stock_available_global.model_product_product,False,22,
,,,,,,,,,,__export__.sgavar_file_var_970_e3fa7914,Alfanumerico,CONCRETO,, ,167,166,0,2,2,stock_available_global.model_product_product,False,23,
,,,,,,,,,,__export__.sgavar_file_var_971_1179b145,Alfanumerico,CNTTIP,, ,173,168,0,8,8,stock_available_global.model_product_product,False,24,
,,,,,,,,,,__export__.sgavar_file_var_972_db7c4ac2,Alfanumerico,LOTREQEXP,, ,174,174,0,1,1,stock_available_global.model_product_product,False,25,N
,,,,,,,,,,__export__.sgavar_file_var_973_ceeb4b54,Alfanumerico,CRIROTREQEXP,, ,175,175,0,1,1,stock_available_global.model_product_product,False,26,N
,,,,,,,,,,__export__.sgavar_file_var_974_540123d7,Alfanumerico,PRIEXPEDI,, ,179,176,0,4,4,stock_available_global.model_product_product,False,27,
,,,,,,,,,,__export__.sgavar_file_var_975_a1f621d5,Alfanumerico,GESENV,, ,180,180,0,1,1,stock_available_global.model_product_product,False,28,
,,,,,,,,,,__export__.sgavar_file_var_976_7ac6a382,Alfanumerico,SUBTIPART,, ,184,181,0,4,4,stock_available_global.model_product_product,False,29,
,,,,,,,,,,__export__.sgavar_file_var_977_96a5b75f,Numérico,TEMRECMIN,, ,187,185,0,3,3,stock_available_global.model_product_product,False,30,
,,,,,,,,,,__export__.sgavar_file_var_978_359d37f8,Numérico,TEMRECMAX,, ,190,188,0,3,3,stock_available_global.model_product_product,False,31,
,,,,,,,,,,__export__.sgavar_file_var_979_deaaab1e,Numérico,PESINFPOR,, ,192,191,0,3,3,stock_available_global.model_product_product,False,32,
,,,,,,,,,,__export__.sgavar_file_var_980_167601aa,Numérico,PRESSUPPOR,, ,195,193,0,3,3,stock_available_global.model_product_product,False,33,
,,,,,,,,,,__export__.sgavar_file_var_981_c239254b,Alfanumerico,REPREC,, ,199,196,0,4,4,stock_available_global.model_product_product,False,34,
,,,,,,,,,,__export__.sgavar_file_var_982_81421aaf,Alfanumerico,ABCLOG,, ,200,200,0,1,1,stock_available_global.model_product_product,False,35,C
,,,,,,,,,,__export__.sgavar_file_var_984_95430c35,Alfanumerico,ACCION,, ,6,5,0,2,2,stock_available_global.model_product_template,True,1,AG
,,,,,,,,,,__export__.sgavar_file_var_985_ce2cb31e,Alfanumerico,ARTREF,product.field_product_template_default_code, ,22,7,0,16,16,stock_available_global.model_product_template,True,2,
,,,,,,,,,,__export__.sgavar_file_var_986_62e7c633,Alfanumerico,UNITIP,, ,26,23,0,4,4,stock_available_global.model_product_template,True,3,UD
,,,,,,,,,,__export__.sgavar_file_var_987_a4618ea6,Numérico,NUMUNI,, ,34,27,0,8,8,stock_available_global.model_product_template,True,4,1
,,,,,,,,,,__export__.sgavar_file_var_988_5cfaec2b,Numérico,CUB,product.field_product_template_volume, ,43,35,3,6,9,stock_available_global.model_product_template,False,5,
,,,,,,,,,,__export__.sgavar_file_var_989_bf2f2606,Numérico,MEDLAR,, ,52,44,3,6,9,stock_available_global.model_product_template,False,6,
,,,,,,,,,,__export__.sgavar_file_var_990_607477f3,Numérico,MEDALT,, ,60,53,3,6,9,stock_available_global.model_product_template,False,7,
,,,,,,,,,,__export__.sgavar_file_var_991_a7ac8bb6,Numérico,MEDANC,, ,69,61,3,6,9,stock_available_global.model_product_template,False,8,
,,,,,,,,,,__export__.sgavar_file_var_992_a0cbcbf3,Numérico,PESUNI,, ,77,70,3,5,8,stock_available_global.model_product_template,False,9,
,,,,,,,,,,__export__.sgavar_file_var_993_c435958c,Numérico,PESINF,, ,85,78,3,5,8,stock_available_global.model_product_template,False,10,
,,,,,,,,,,__export__.sgavar_file_var_994_5993727b,Numérico,PESSUP,, ,93,86,3,5,8,stock_available_global.model_product_template,False,11,
,,,,,,,,,,__export__.sgavar_file_var_995_fe47e6d2,Numérico,UNIPAL,, ,102,94,0,9,9,stock_available_global.model_product_template,False,12,9000
,,,,,,,,,,__export__.sgavar_file_var_996_4bd9785f,Numérico,BASE,, ,107,103,0,5,5,stock_available_global.model_product_template,False,13,2250
,,,,,,,,,,__export__.sgavar_file_var_997_966dde4e,Numérico,ALTURA,, ,112,108,0,5,5,stock_available_global.model_product_template,False,14,4
,,,,,,,,,,__export__.sgavar_file_var_998_b71cfca3,Numérico,PESTAR,, ,121,113,3,6,9,stock_available_global.model_product_template,False,15,
,,,,,,,,,,__export__.sgavar_file_var_999_2537bcaa,Alfanumerico,UNIANI,, ,122,122,0,1,1,stock_available_global.model_product_template,False,16,N
,,,,,,,,,,__export__.sgavar_file_var_1001_78e1a58c,Alfanumerico,ACCION,,,6,5,0,2,2,stock_available_global.model_product_template,True,1,MO
,,,,,,,,,,__export__.sgavar_file_var_1002_2bee76a3,Alfanumerico,ARTREF,product.field_product_template_default_code,,22,7,0,16,16,stock_available_global.model_product_template,True,2,
,,,,,,,,,,__export__.sgavar_file_var_1003_afe08033,Alfanumerico,UNITIP,,,26,23,0,4,4,stock_available_global.model_product_template,True,3,UD
,,,,,,,,,,__export__.sgavar_file_var_1004_cf9112ae,Numérico,NUMUNI,,,34,27,3,5,8,stock_available_global.model_product_template,True,4,1
,,,,,,,,,,__export__.sgavar_file_var_1005_bbea45fd,Numérico,CUB,product.field_product_template_volume,,43,35,3,6,9,stock_available_global.model_product_template,False,5,
,,,,,,,,,,__export__.sgavar_file_var_1006_88558594,Numérico,MEDLAR,,,52,44,3,6,9,stock_available_global.model_product_template,False,6,
,,,,,,,,,,__export__.sgavar_file_var_1007_ade58ef6,Numérico,MEDALT,,,60,53,3,6,9,stock_available_global.model_product_template,False,7,
,,,,,,,,,,__export__.sgavar_file_var_1008_80e2afa6,Numérico,MEDANC,,,69,61,3,6,9,stock_available_global.model_product_template,False,8,
,,,,,,,,,,__export__.sgavar_file_var_1009_280ba72d,Numérico,PESUNI,,,77,70,3,5,8,stock_available_global.model_product_template,False,9,
,,,,,,,,,,__export__.sgavar_file_var_1010_11502e23,Numérico,PESINF,,,85,78,3,5,8,stock_available_global.model_product_template,False,10,
,,,,,,,,,,__export__.sgavar_file_var_1011_1d818a26,Numérico,PESSUP,,,93,86,3,5,8,stock_available_global.model_product_template,False,11,
,,,,,,,,,,__export__.sgavar_file_var_1012_aba08e4b,Numérico,UNIPAL,,,102,94,0,9,9,stock_available_global.model_product_template,False,12,9000
,,,,,,,,,,__export__.sgavar_file_var_1013_07a75fec,Numérico,BASE,,,107,103,0,5,5,stock_available_global.model_product_template,False,13,2250
,,,,,,,,,,__export__.sgavar_file_var_1014_5b341cc1,Numérico,ALTURA,,,112,108,0,5,5,stock_available_global.model_product_template,False,14,4
,,,,,,,,,,__export__.sgavar_file_var_1015_3ed4eeff,Numérico,PESTAR,,,121,113,3,6,9,stock_available_global.model_product_template,False,15,
,,,,,,,,,,__export__.sgavar_file_var_1016_c977653b,Alfanumerico,UNIANI,,,122,122,0,1,1,stock_available_global.model_product_template,False,16,N
,,,,,,,,,,__export__.sgavar_file_var_1018_d0a42366,Alfanumerico,ACCION,,,6,5,0,2,2,stock_available_global.model_product_template,True,1,DE
,,,,,,,,,,__export__.sgavar_file_var_1019_07e9e54f,Alfanumerico,ARTREF,product.field_product_template_default_code,,22,7,0,16,16,stock_available_global.model_product_template,True,2,
,,,,,,,,,,__export__.sgavar_file_var_1020_6562eb74,Alfanumerico,UNITIP,,,26,23,0,4,4,stock_available_global.model_product_template,True,3,UD
,,,,,,,,,,__export__.sgavar_file_var_1021_7023bdfe,Numérico,NUMUNI,,,34,27,3,5,8,stock_available_global.model_product_template,True,4,1
,,,,,,,,,,__export__.sgavar_file_var_1022_039ff1a8,Numérico,CUB,product.field_product_template_volume,,43,35,3,6,9,stock_available_global.model_product_template,False,5,
,,,,,,,,,,__export__.sgavar_file_var_1023_df265ef6,Numérico,MEDLAR,,,52,44,3,6,9,stock_available_global.model_product_template,False,6,
,,,,,,,,,,__export__.sgavar_file_var_1024_2551fbb3,Numérico,MEDALT,,,60,53,3,6,9,stock_available_global.model_product_template,False,7,
,,,,,,,,,,__export__.sgavar_file_var_1025_d388b128,Numérico,MEDANC,,,69,61,3,6,9,stock_available_global.model_product_template,False,8,
,,,,,,,,,,__export__.sgavar_file_var_1026_e4e27cc9,Numérico,PESUNI,,,77,70,3,5,8,stock_available_global.model_product_template,False,9,
,,,,,,,,,,__export__.sgavar_file_var_1027_fc8c9419,Numérico,PESINF,,,85,78,3,5,8,stock_available_global.model_product_template,False,10,
,,,,,,,,,,__export__.sgavar_file_var_1028_ba743e7d,Numérico,PESSUP,,,93,86,3,5,8,stock_available_global.model_product_template,False,11,
,,,,,,,,,,__export__.sgavar_file_var_1029_0dbd2af3,Numérico,UNIPAL,,,102,94,0,9,9,stock_available_global.model_product_template,False,12,9000
,,,,,,,,,,__export__.sgavar_file_var_1030_4ac00a82,Numérico,BASE,,,107,103,0,5,5,stock_available_global.model_product_template,False,13,2250
,,,,,,,,,,__export__.sgavar_file_var_1031_207a9993,Numérico,ALTURA,,,112,108,0,5,5,stock_available_global.model_product_template,False,14,4
,,,,,,,,,,__export__.sgavar_file_var_1032_36793b5a,Numérico,PESTAR,,,121,113,3,6,9,stock_available_global.model_product_template,False,15,
,,,,,,,,,,__export__.sgavar_file_var_1033_e88a623d,Alfanumerico,UNIANI,,,122,122,0,1,1,stock_available_global.model_product_template,False,16,N
,,,,,,,,,,__export__.sgavar_file_var_1038_4d493e86,Alfanumerico,ACCION,, ,6,5,0,2,2,stock_available_global.model_product_product,True,1,AG
,,,,,,,,,,__export__.sgavar_file_var_1036_b8ecf993,Alfanumerico,ARTPRIREF,product.field_product_product_default_code, ,22,7,0,16,16,stock_available_global.model_product_product,True,2,
,,,,,,,,,,__export__.sgavar_file_var_1037_b7590338,Alfanumerico,EANCOD,product.field_product_product_barcode, ,36,23,0,14,14,stock_available_global.model_product_product,True,3,
,,,,,,,,,,__export__.sgavar_file_var_1035_b3b1ea1c,Alfanumerico,EANTIP,, ,40,37,0,4,4,stock_available_global.model_product_product,True,4,CPRV
,,,,,,,,,,__export__.sgavar_file_var_1040_51e7b758,Alfanumerico,ACCION,, ,6,5,0,2,2,stock_available_global.model_product_product,True,1,MO
,,,,,,,,,,__export__.sgavar_file_var_1041_8e44a668,Alfanumerico,ARTPRIREF,product.field_product_product_default_code, ,22,7,0,16,16,stock_available_global.model_product_product,True,2,
,,,,,,,,,,__export__.sgavar_file_var_1042_d93aed58,Alfanumerico,EANCOD,product.field_product_product_barcode, ,36,23,0,14,14,stock_available_global.model_product_product,True,3,
,,,,,,,,,,__export__.sgavar_file_var_1043_5eefa9aa,Alfanumerico,EANTIP,, ,40,37,0,4,4,stock_available_global.model_product_product,True,4,CPRV
,,,,,,,,,,__export__.sgavar_file_var_1045_4d45cebc,Alfanumerico,ACCION,, ,6,5,0,2,2,stock_available_global.model_product_product,True,1,DE
,,,,,,,,,,__export__.sgavar_file_var_1046_f90fc93d,Alfanumerico,ARTPRIREF,product.field_product_product_default_code, ,22,7,0,16,16,stock_available_global.model_product_product,True,2,
,,,,,,,,,,__export__.sgavar_file_var_1047_ad28071e,Alfanumerico,EANCOD,product.field_product_product_barcode, ,36,23,0,14,14,stock_available_global.model_product_product,True,3,
,,,,,,,,,,__export__.sgavar_file_var_1048_76e28e0f,Alfanumerico,EANTIP,, ,40,37,0,4,4,stock_available_global.model_product_product,True,4,CPRV
,,,,,,,,,,__export__.sgavar_file_var_1050_7537a5f6,Alfanumerico,ACCION,, ,6,5,0,2,2,stock_move_reassign_availability.model_stock_quant,True,1,AG
,,,,,,,,,,__export__.sgavar_file_var_1049_5a3f4dde,Related-Alfanumérico,ARTREF,stock.field_stock_quant_product_id, ,22,7,0,16,16,stock_move_reassign_availability.model_stock_quant,True,2,default_code
,,,,,,,,,,__export__.sgavar_file_var_1052_1c366f40,Related-Alfanumérico,ALMREF,stock.field_product_product_location_id, ,24,23,0,2,2,stock_move_reassign_availability.model_stock_quant,True,3,id
,,,,,,,,,,__export__.sgavar_file_var_1059_693a7f23,Alfanumerico,ZONUBIREF,, ,28,25,0,4,4,stock_move_reassign_availability.model_stock_quant,False,4,
,,,,,,,,,,__export__.sgavar_file_var_1058_85304f46,Alfanumerico,UBIREF,, ,44,29,0,16,16,stock_move_reassign_availability.model_stock_quant,False,5,
,,,,,,,,,,__export__.sgavar_file_var_1057_0664eed9,Alfanumerico,ZONPICREF,, ,48,45,0,4,4,stock_move_reassign_availability.model_stock_quant,False,6,
,,,,,,,,,,__export__.sgavar_file_var_1056_7e78e6b2,Alfanumerico,UBIPICDIN,, ,49,49,0,1,1,stock_move_reassign_availability.model_stock_quant,True,7,N
,,,,,,,,,,__export__.sgavar_file_var_1055_8de872a0,Alfanumerico,UBIPIC,, ,65,50,0,16,16,stock_move_reassign_availability.model_stock_quant,False,8,
,,,,,,,,,,__export__.sgavar_file_var_1054_a2667db9,Alfanumerico,DIMCOD,, ,69,66,0,4,4,stock_move_reassign_availability.model_stock_quant,False,9,
,,,,,,,,,,__export__.sgavar_file_var_1053_a9043b1b,Numérico,ALTMIN,, ,74,70,0,5,5,stock_move_reassign_availability.model_stock_quant,False,10,1
,,,,,,,,,,__export__.sgavar_file_var_1075_65400e16,Numérico,ALTMAX,, ,79,75,0,5,5,stock_move_reassign_availability.model_stock_quant,False,11,9
,,,,,,,,,,__export__.sgavar_file_var_1074_b3b3cede,Alfanumerico,ALMRESTOS,, ,80,80,0,1,1,stock_move_reassign_availability.model_stock_quant,False,12,S
,,,,,,,,,,__export__.sgavar_file_var_1073_3edba0d6,Numérico,MARGENROT,, ,89,81,0,9,9,stock_move_reassign_availability.model_stock_quant,False,13,
,,,,,,,,,,__export__.sgavar_file_var_1072_b9c546fd,Numérico,CANPICMIN,, ,98,90,0,9,9,stock_move_reassign_availability.model_stock_quant,False,14,
,,,,,,,,,,__export__.sgavar_file_var_1071_b43e97ef,Numérico,CANPICMAX,, ,108,99,0,9,9,stock_move_reassign_availability.model_stock_quant,False,15,
,,,,,,,,,,__export__.sgavar_file_var_1070_5552b34e,Numérico,STOMINTRA,, ,117,109,0,9,9,stock_move_reassign_availability.model_stock_quant,False,16,
,,,,,,,,,,__export__.sgavar_file_var_1069_bf090915,Numérico,STOMAXTRA,, ,126,118,0,9,9,stock_move_reassign_availability.model_stock_quant,False,17,
,,,,,,,,,,__export__.sgavar_file_var_1068_b73a103f,Alfanumerico,PICCOMPAR,, ,127,127,0,1,1,stock_move_reassign_availability.model_stock_quant,False,18,S
,,,,,,,,,,__export__.sgavar_file_var_1067_14f7a96a,Alfanumerico,TERPROREF,, ,143,128,0,16,16,stock_move_reassign_availability.model_stock_quant,False,19,
,,,,,,,,,,__export__.sgavar_file_var_1066_1024ba1b,Alfanumerico,LOTE,, ,163,144,0,20,20,stock_move_reassign_availability.model_stock_quant,False,20,
,,,,,,,,,,__export__.sgavar_file_var_1065_979f1b78,Alfanumerico,ZONUBIREFDOS,, ,169,164,0,4,4,stock_move_reassign_availability.model_stock_quant,False,21,
,,,,,,,,,,__export__.sgavar_file_var_1064_f936d266,Numérico,PORREF,, ,172,170,0,3,3,stock_move_reassign_availability.model_stock_quant,False,22,
,,,,,,,,,,__export__.sgavar_file_var_1063_7dd42c1d,Alfanumerico,BUSTIP,, ,173,173,0,1,1,stock_move_reassign_availability.model_stock_quant,False,23,C
,,,,,,,,,,__export__.sgavar_file_var_1062_3248855b,Alfanumerico,UBIREFDOS,, ,189,174,0,16,16,stock_move_reassign_availability.model_stock_quant,False,24,
,,,,,,,,,,__export__.sgavar_file_var_1061_a85174c6,Alfanumerico,BUSTIPDOS,, ,190,190,0,1,1,stock_move_reassign_availability.model_stock_quant,False,25,
,,,,,,,,,,__export__.sgavar_file_var_1060_1f5d3fed,Alfanumerico,TIPMOL,, ,194,191,0,4,4,stock_move_reassign_availability.model_stock_quant,False,26,
,,,,,,,,,,__export__.sgavar_file_var_1083_59cc15ff,Numérico,MARGENROT2,, ,203,195,0,9,9,stock_move_reassign_availability.model_stock_quant,False,27,
,,,,,,,,,,__export__.sgavar_file_var_1082_b58d6228,Alfanumerico,TIPMOLDOS,, ,207,204,0,4,4,stock_move_reassign_availability.model_stock_quant,False,28,
,,,,,,,,,,__export__.sgavar_file_var_1081_522f6bad,Numérico,ALTMINDOS,, ,212,208,0,5,5,stock_move_reassign_availability.model_stock_quant,False,29,
,,,,,,,,,,__export__.sgavar_file_var_1080_32aa74cf,Numérico,ALTMAXDOS,, ,217,213,0,5,5,stock_move_reassign_availability.model_stock_quant,False,30,
,,,,,,,,,,__export__.sgavar_file_var_1079_3b4ea441,Numérico,STOMINZONALM,, ,226,218,0,9,9,stock_move_reassign_availability.model_stock_quant,False,31,
,,,,,,,,,,__export__.sgavar_file_var_1078_21006767,Numérico,STOMAXZONALM,, ,235,227,0,9,9,stock_move_reassign_availability.model_stock_quant,False,32,
,,,,,,,,,,__export__.sgavar_file_var_1077_2acd1ec1,Numérico,STOMINZONALMDOS,, ,244,236,0,9,9,stock_move_reassign_availability.model_stock_quant,False,33,
,,,,,,,,,,__export__.sgavar_file_var_1076_d315cf44,Numérico,STOMAXZONALMDOS,, ,253,245,0,9,9,stock_move_reassign_availability.model_stock_quant,False,34,
,,,,,,,,,,__export__.sgavar_file_var_1088_433e4f22,Alfanumerico,ACCION,, ,6,5,0,2,2,sga_ulma_integration.model_stock_move_line,True,0,MO
,,,,,,,,,,__export__.sgavar_file_var_1089_daa96e8b,Alfanumerico,EXPORDREF,stock.field_stock_move_line_reference, ,21,7,0,15,15,sga_ulma_integration.model_stock_move_line,True,1,
,,,,,,,,,,__export__.sgavar_file_var_1090_fb96c86f,Related-Numérico,ALMREF,stock.field_stock_move_line_location_id, ,30,22,0,9,9,sga_ulma_integration.model_stock_move_line,True,2,id
,,,,,,,,,,__export__.sgavar_file_var_1091_d47e0fea,Related-Numérico,ARTREF,stock.field_stock_move_line_product_id, ,46,31,0,16,16,sga_ulma_integration.model_stock_move_line,True,3,reference
,,,,,,,,,,__export__.sgavar_file_var_1092_63266f5d,Related-Alfanumérico,CNTDOREF,stock.field_stock_move_line_result_package_id, ,64,47,0,18,18,sga_ulma_integration.model_stock_move_line,True,4,name
,,,,,,,,,,__export__.sgavar_file_var_1093_71442b80,Alfanumerico,CNTPRO,, ,68,65,0,4,4,sga_ulma_integration.model_stock_move_line,False,5,
,,,,,,,,,,__export__.sgavar_file_var_1094_7346ae03,Related-Alfanumérico,TERPROREF,stock_move_apk.field_stock_move_line_partner_id, ,84,69,0,16,16,sga_ulma_integration.model_stock_move_line,True,6,id
,,,,,,,,,,__export__.sgavar_file_var_1095_abee174c,Numérico,CAN,stock.field_stock_move_line_qty_done, ,93,85,3,6,9,sga_ulma_integration.model_stock_move_line,False,7,
,,,,,,,,,,__export__.sgavar_file_var_1096_3eb40682,Alfanumerico,TIPUNI,, ,97,94,0,4,4,sga_ulma_integration.model_stock_move_line,False,8,UD
,,,,,,,,,,__export__.sgavar_file_var_1097_e90c12df,Numérico,NUMNI,stock.field_stock_move_line_qty_done, ,105,98,0,8,8,sga_ulma_integration.model_stock_move_line,True,9,1
,,,,,,,,,,__export__.sgavar_file_var_1098_af7192a9,Related-Alfanumérico,PES,stock.field_stock_move_line_product_id, ,114,106,3,6,9,sga_ulma_integration.model_stock_move_line,False,10,weight
,,,,,,,,,,__export__.sgavar_file_var_1099_5ab67606,Numérico,VOL,, ,123,115,3,6,9,sga_ulma_integration.model_stock_move_line,False,11,
,,,,,,,,,,__export__.sgavar_file_var_1100_5b2153b7,Alfanumerico,CRIROT,, ,143,124,0,20,20,sga_ulma_integration.model_stock_move_line,False,12,
,,,,,,,,,,__export__.sgavar_file_var_1101_77b81cb6,Fecha,FECCAD,, ,151,144,0,8,8,sga_ulma_integration.model_stock_move_line,False,13,
,,,,,,,,,,__export__.sgavar_file_var_1102_1a5da141,Fecha,FECREC,stock.field_stock_move_line_date, ,159,152,0,8,8,sga_ulma_integration.model_stock_move_line,False,14,
,,,,,,,,,,__export__.sgavar_file_var_1103_f25f7a03,Fecha,FECFAB,stock.field_stock_move_line_date, ,167,160,0,8,8,sga_ulma_integration.model_stock_move_line,False,15,
,,,,,,,,,,__export__.sgavar_file_var_1104_56f89cfc,Alfanumerico,LOTE,, ,187,168,0,20,20,sga_ulma_integration.model_stock_move_line,False,16,
,,,,,,,,,,__export__.sgavar_file_var_1105_2c884b3c,Alfanumerico,NUMSERREF,, ,207,188,0,30,30,sga_ulma_integration.model_stock_move_line,False,17,
,,,,,,,,,,__export__.sgavar_file_var_1107_1d380748,Related-Numérico,EXPORDLIN,stock.field_stock_move_line_move_id,,216,208,0,9,9,sga_ulma_integration.model_stock_move_line,False,18,id
,,,,,,,,,,__export__.sgavar_file_var_1108_1d154255,Alfanumerico,CNTEXPTIP,, ,222,217,0,6,6,sga_ulma_integration.model_stock_move_line,False,19,
,,,,,,,,,,__export__.sgavar_file_var_1109_32409236,Alfanumerico,MUELLE,, ,238,223,0,16,16,sga_ulma_integration.model_stock_move_line,False,20,
,,,,,,,,,,__export__.sgavar_file_var_1110_35f439b2,Alfanumerico,CNTDORMAT,, ,258,239,0,20,20,sga_ulma_integration.model_stock_move_line,False,21,
,,,,,,,,,,__export__.sgavar_file_var_1111_a859c912,Alfanumerico,PROP,, ,278,259,0,20,20,sga_ulma_integration.model_stock_move_line,False,22,
,,,,,,,,,,__export__.sgavar_file_var_1106_997bd6bc,Alfanumerico,DIM,, ,282,279,0,4,4,sga_ulma_integration.model_stock_move_line,False,23,
,,,,,,,,,,__export__.sgavar_file_var_1115_25ogu5la,Alfanumerico,ACCION,, ,6,5,0,2,2,sga_ulma_integration.model_stock_batch_picking,True,2,MO
,,,,,,,,,,__export__.sgavar_file_var_1116_3a36rdem,Alfanumerico,EXPORDREF,stock_batch_picking.field_stock_batch_picking_name, ,21,7,0,15,15,sga_ulma_integration.model_stock_batch_picking,True,3,
,,,,,,,,,,__export__.sgavar_file_var_1117_434qf8el,Numérico,ALMREF,, ,23,22,0,2,2,sga_ulma_integration.model_stock_batch_picking,True,4,1
,,,,,,,,,,__export__.sgavar_file_var_1118_57nfkuw8,Related-Alfanumérico,TERREF,stock_picking_group.field_stock_batch_picking_partner_id, ,39,24,0,16,16,sga_ulma_integration.model_stock_batch_picking,True,5,ref
,,,,,,,,,,__export__.sgavar_file_var_1119_6bh0yvq9,Alfanumerico,TERPROREF,, ,55,40,0,16,16,sga_ulma_integration.model_stock_batch_picking,False,6,
,,,,,,,,,,__export__.sgavar_file_var_1120_75eb4401,Alfanumerico,EXPORDTIP,sga_adaia_integration.field_stock_batch_picking_adaia_code, ,59,56,0,4,4,sga_ulma_integration.model_stock_batch_picking,False,7,
,,,,,,,,,,__export__.sgavar_file_var_1121_8f2kvuy0,Related-Alfanumérico,EXPORDSUBTIP,shipping_type.field_stock_batch_picking_delivery_route_path_id, ,63,60,0,4,4,sga_ulma_integration.model_stock_batch_picking,False,8,name
,,,,,,,,,,__export__.sgavar_file_var_1122_94wwn2wy,Fecha,TRAREF,stock_batch_picking.field_stock_batch_picking_create_date, ,79,64,0,16,16,sga_ulma_integration.model_stock_batch_picking,False,9,
,,,,,,,,,,__export__.sgavar_file_var_1123_10a3kxbh,Fecha,FECORD,, ,87,80,0,8,8,sga_ulma_integration.model_stock_batch_picking,False,10,
,,,,,,,,,,__export__.sgavar_file_var_1124_11nht1a5,Fecha,FECEXP,, ,95,88,0,8,8,sga_ulma_integration.model_stock_batch_picking,False,11,
,,,,,,,,,,__export__.sgavar_file_var_1125_12edhts4,Hora,HOREXP,, ,99,96,0,4,4,sga_ulma_integration.model_stock_batch_picking,False,12,
,,,,,,,,,,__export__.sgavar_file_var_1126_133oi8v3,Alfanumerico,URGENT,, ,100,100,0,1,1,sga_ulma_integration.model_stock_batch_picking,True,13,N
,,,,,,,,,,__export__.sgavar_file_var_1127_146euw6n,Alfanumerico,OBS,, ,140,101,0,40,40,sga_ulma_integration.model_stock_batch_picking,False,14,
,,,,,,,,,,__export__.sgavar_file_var_1128_151cxvnf,Numérico,MUEEXP,sga_adaia_integration.field_stock_batch_picking_adaia_dock, ,146,141,0,6,6,sga_ulma_integration.model_stock_batch_picking,False,15,
,,,,,,,,,,__export__.sgavar_file_var_1129_16jhslas,Alfanumerico,PRVCAMCOM,, ,306,147,0,160,160,sga_ulma_integration.model_stock_batch_picking,False,16,
,,,,,,,,,,__export__.sgavar_file_var_1130_1788wgbu,Alfanumerico,AGROEXGENACC,sga_adaia_integration.field_stock_batch_picking_adaia_group, ,322,307,0,16,16,sga_ulma_integration.model_stock_batch_picking,False,17,
,,,,,,,,,,__export__.sgavar_file_var_1131_18ox8g8a,Numérico,NUMVER,, ,326,323,0,4,4,sga_ulma_integration.model_stock_batch_picking,False,18,0
,,,,,,,,,,__export__.sgavar_file_var_1132_19e57f1k,one2many,MOVE_LINES,sga_adaia_integration.field_stock_batch_picking_draft_move_line_ids, ,0,0,0,0,0,sga_ulma_integration.model_stock_batch_picking,True,19,SBL
,,,,,,,,,,__export__.sgavar_file_var_1134_2ztc1r0n,Alfanumerico,ACCION,, ,6,5,0,2,2,sga_ulma_integration.model_stock_move_line,True,1,MO
,,,,,,,,,,__export__.sgavar_file_var_1135_323ixn9d,Related-Alfanumérico,EXPORDREF,stock_move_selection_wzd.field_stock_move_draft_batch_picking_id, ,21,7,0,15,15,sga_ulma_integration.model_stock_move_line,True,2,name
,,,,,,,,,,__export__.sgavar_file_var_1136_4hk8pxdx,Numérico,num_lin,, ,30,22,0,9,9,sga_ulma_integration.model_stock_move_line,False,3,
,,,,,,,,,,__export__.sgavar_file_var_1137_521jgw5i,Related-Numérico,ARTREF,stock.field_stock_move_product_id, ,46,31,0,16,16,sga_ulma_integration.model_stock_move_line,True,4,default_code
,,,,,,,,,,__export__.sgavar_file_var_1138_65tlv05j,Numérico,CANPED,stock.field_stock_move_line_ordered_qty, ,55,47,0,9,9,sga_ulma_integration.model_stock_move_line,True,5,
,,,,,,,,,,__export__.sgavar_file_var_1139_7j10aplt,Alfanumerico,TIPUNI,, ,59,56,0,4,4,sga_ulma_integration.model_stock_move_line,True,6,UD
,,,,,,,,,,__export__.sgavar_file_var_1140_8rbpeg8u,Related-Numérico,NUMUNI,stock.field_stock_move_line_product_uom_id, ,67,60,0,8,8,sga_ulma_integration.model_stock_move_line,True,7,factor
,,,,,,,,,,__export__.sgavar_file_var_1141_9w395k9a,Alfanumerico,PESPED,, ,76,68,3,6,9,sga_ulma_integration.model_stock_move_line,False,8,
,,,,,,,,,,__export__.sgavar_file_var_1142_106jrmfu,Alfanumerico,PREVEN,, ,85,77,2,7,9,sga_ulma_integration.model_stock_move_line,False,9,
,,,,,,,,,,__export__.sgavar_file_var_1143_119y8w2o,Alfanumerico,OBS,, ,125,86,0,40,40,sga_ulma_integration.model_stock_move_line,False,10,
,,,,,,,,,,__export__.sgavar_file_var_1144_129v3b75,Alfanumerico,LOTE,, ,145,126,0,20,20,sga_ulma_integration.model_stock_move_line,False,11,
,,,,,,,,,,__export__.sgavar_file_var_1145_13284qpt,Alfanumerico,KIT,, ,146,146,0,1,1,sga_ulma_integration.model_stock_move_line,False,12,N
,,,,,,,,,,__export__.sgavar_file_var_1146_1496if3f,Alfanumerico,VIDAUTILMIN,, ,149,147,0,3,3,sga_ulma_integration.model_stock_move_line,False,13,
,,,,,,,,,,__export__.sgavar_file_var_1147_15jhuqtr,Alfanumerico,VIDAUTILMAX,, ,152,150,0,3,3,sga_ulma_integration.model_stock_move_line,False,14,
,,,,,,,,,,__export__.sgavar_file_var_1149_28bngdkv,Alfanumerico,ACCION,, ,6,5,0,2,2,sga_ulma_integration.model_stock_batch_picking,True,1,MO
,,,,,,,,,,__export__.sgavar_file_var_1150_3zwzj87s,Alfanumerico,EXPORDREF,stock_batch_picking.field_stock_batch_picking_name, ,21,7,0,15,15,sga_ulma_integration.model_stock_batch_picking,True,2,
,,,,,,,,,,__export__.sgavar_file_var_1151_4s3tpnbu,Related-Numérico,ALMREF,stock_move_selection_wzd.field_stock_batch_picking_picking_type_id,	,23,22,0,2,2,sga_ulma_integration.model_stock_batch_picking,True,3,default_location_src_id
,,,,,,,,,,__export__.sgavar_file_var_1152_5cbv6khd,Related-Alfanumérico,TERREF,stock_move_selection_wzd.field_stock_batch_picking_company_id, ,39,24,0,16,16,sga_ulma_integration.model_stock_batch_picking,True,4,id
,,,,,,,,,,__export__.sgavar_file_var_1153_6vzzqufi,Alfanumerico,TERPROREF,, ,55,40,0,16,16,sga_ulma_integration.model_stock_batch_picking,False,5,
,,,,,,,,,,__export__.sgavar_file_var_1154_7xmuec7n,Alfanumerico,EXPORDTIP,, ,59,56,0,4,4,sga_ulma_integration.model_stock_batch_picking,False,6,
,,,,,,,,,,__export__.sgavar_file_var_1155_8xp4cqvg,Alfanumerico,EXPORDSUBTIP,, ,63,60,0,4,4,sga_ulma_integration.model_stock_batch_picking,False,7,
,,,,,,,,,,__export__.sgavar_file_var_1156_93ht7dul,Alfanumerico,ALBARA,, ,75,64,0,12,12,sga_ulma_integration.model_stock_batch_picking,False,8,
,,,,,,,,,,__export__.sgavar_file_var_1157_10f3t9zw,Fecha,FECEXP,stock_batch_picking.field_stock_batch_picking_date, ,83,76,0,8,8,sga_ulma_integration.model_stock_batch_picking,False,9,
,,,,,,,,,,__export__.sgavar_file_var_1158_11nueaye,Hora,HOREXP,stock_batch_picking.field_stock_batch_picking_date, ,87,84,0,4,4,sga_ulma_integration.model_stock_batch_picking,False,10,
,,,,,,,,,,__export__.sgavar_file_var_1159_12ewwc7e,Alfanumerico,OBS,stock_batch_picking.field_stock_batch_picking_notes, ,127,88,0,40,40,sga_ulma_integration.model_stock_batch_picking,False,11,
,,,,,,,,,,__export__.sgavar_file_var_1160_13ykk0pr,Alfanumerico,PRVCAMCOM,, ,286,128,0,160,160,sga_ulma_integration.model_stock_batch_picking,True,12,
,,,,,,,,,,__export__.sgavar_file_var_1161_145r05kk,Alfanumerico,AGROEXGENACC,, ,301,287,0,166,16,sga_ulma_integration.model_stock_batch_picking,False,13,
,,,,,,,,,,__export__.sgavar_file_var_1162_15lwbx11,one2many,MOVE_LINE,sga_adaia_integration.field_stock_batch_picking_draft_move_line_ids, ,0,0,0,0,0,sga_ulma_integration.model_stock_batch_picking,True,14,SBC
,,,,,,,,,,__export__.sgavar_file_var_1163_162tehza,one2many,CONTENT_LINES,sga_adaia_integration.field_stock_batch_picking_draft_move_line_ids, ,0,0,0,0,0,sga_ulma_integration.model_stock_batch_picking,True,15,CEN
,,,,,,,,,,__export__.sgavar_file_var_1165_2ied3vav,Alfanumerico,ACCION,, ,6,5,0,2,2,sga_ulma_integration.model_stock_move_line,True,1,AG
,,,,,,,,,,__export__.sgavar_file_var_1166_3vf7ntou,Related-Alfanumérico,EXPORDREF,stock_move_selection_wzd.field_stock_move_draft_batch_picking_id, ,21,7,0,15,15,sga_ulma_integration.model_stock_move_line,True,2,name
,,,,,,,,,,__export__.sgavar_file_var_1167_4f4begk1,Numérico,EXPORDLIN,stock.field_stock_move_line_id, ,30,22,0,9,9,sga_ulma_integration.model_stock_move_line,True,3,
,,,,,,,,,,__export__.sgavar_file_var_1168_56k5f0po,Related-Numérico,ARTREF,stock.field_stock_move_line_product_id, ,46,31,0,16,16,sga_ulma_integration.model_stock_move_line,True,4,default_code
,,,,,,,,,,__export__.sgavar_file_var_1169_6l5crsyx,Alfanumerico,CANPED,stock.field_stock_move_line_ordered_qty, ,55,47,0,9,9,sga_ulma_integration.model_stock_move_line,True,5,
,,,,,,,,,,__export__.sgavar_file_var_1170_7cgs51fc,Alfanumerico,CANSER,stock.field_stock_move_line_product_qty, ,64,56,0,9,9,sga_ulma_integration.model_stock_move_line,True,6,
,,,,,,,,,,__export__.sgavar_file_var_1171_8hvtvcvu,Alfanumerico,TIPUNI,, ,68,65,0,4,4,sga_ulma_integration.model_stock_move_line,True,7,UD
,,,,,,,,,,__export__.sgavar_file_var_1172_92hg62sl,Related-Numérico,PESSER,product.field_product_product_weight, ,77,69,3,6,9,sga_ulma_integration.model_stock_move_line,False,8,weight
,,,,,,,,,,__export__.sgavar_file_var_1173_10pwb3kks,Related-Numérico,PREVEN,product.field_product_product_weight, ,86,78,2,7,9,sga_ulma_integration.model_stock_move_line,False,9,standard_price
,,,,,,,,,,__export__.sgavar_file_var_1174_11v6wx6s,Alfanumerico,OBS,, ,126,87,0,40,40,sga_ulma_integration.model_stock_move_line,False,10,
,,,,,,,,,,__export__.sgavar_file_var_1175_125ou5la,Related-Alfanumérico,LOTE,stock_move_selection_wzd.field_stock_move_lot_id, ,146,127,0,20,20,sga_ulma_integration.model_stock_move_line,False,11,name
,,,,,,,,,,__export__.sgavar_file_var_3371_19dfacc7,Alfanumerico,ACCION,, ,6,5,0,2,2,sga_ulma_integration.model_stock_batch_picking,True,1,MO
,,,,,,,,,,__export__.sgavar_file_var_3372_43ad4b07,Alfanumerico,RECORDREF,stock_batch_picking.field_stock_batch_picking_name, ,22,7,0,16,16,sga_ulma_integration.model_stock_batch_picking,True,2,
,,,,,,,,,,__export__.sgavar_file_var_3373_2bb2b45a,Numérico,ALMREF,, ,24,23,0,2,2,sga_ulma_integration.model_stock_batch_picking,True,3,1
,,,,,,,,,,__export__.sgavar_file_var_3374_a3a3b4d5,Related-Alfanumérico,TERREF,stock.field_stock_picking_partner_id, ,40,25,0,16,16,sga_ulma_integration.model_stock_batch_picking,True,4,ref
,,,,,,,,,,__export__.sgavar_file_var_3375_85135dee,Alfanumerico,TERPROREF,, ,56,41,0,16,16,sga_ulma_integration.model_stock_batch_picking,False,5,
,,,,,,,,,,__export__.sgavar_file_var_3376_9b25b4d5,Alfanumerico,RECORDTIP,, ,60,57,0,4,4,sga_ulma_integration.model_stock_batch_picking,True,6,ENPR
,,,,,,,,,,__export__.sgavar_file_var_3377_78f0bbab,Fecha,FECORD,stock_batch_picking.field_stock_batch_picking_create_date, ,8,61,0,8,8,sga_ulma_integration.model_stock_batch_picking,True,7,
,,,,,,,,,,__export__.sgavar_file_var_3378_22dd35ec,Hora,FECREC,stock_move_selection_wzd.field_stock_batch_picking_date_done, ,76,69,0,8,8,sga_ulma_integration.model_stock_batch_picking,False,8,
,,,,,,,,,,__export__.sgavar_file_var_3379_b33ea5ee,Alfanumerico,HORREC,, ,80,77,0,4,4,sga_ulma_integration.model_stock_batch_picking,False,9,
,,,,,,,,,,__export__.sgavar_file_var_3380_67be1fc6,Alfanumerico,OBS,, ,120,81,0,40,40,sga_ulma_integration.model_stock_batch_picking,False,10,
,,,,,,,,,,__export__.sgavar_file_var_3381_f0d6397f,Alfanumerico,TERRESREF,, ,136,121,0,16,16,sga_ulma_integration.model_stock_batch_picking,False,11,
,,,,,,,,,,__export__.sgavar_file_var_3382_ed63f90a,Alfanumerico,RECORDSUBTIP,, ,140,137,0,4,4,sga_ulma_integration.model_stock_batch_picking,False,12,
,,,,,,,,,,__export__.sgavar_file_var_3383_fb80cea1,Alfanumerico,PRVCAMCOM,, ,260,141,0,160,160,sga_ulma_integration.model_stock_batch_picking,False,13,
,,,,,,,,,,__export__.sgavar_file_var_3414_35bd3300,one2many,MOVE_LINES,sga_adaia_integration.field_stock_batch_picking_draft_move_line_ids, ,0,0,0,0,0,sga_ulma_integration.model_stock_batch_picking,True,14,OSL
,,,,,,,,,,__export__.sgavar_file_var_3386_e0b1b164,Alfanumerico,ACCION,, ,6,5,0,2,2,sga_ulma_integration.model_stock_batch_picking,True,1,AG
,,,,,,,,,,__export__.sgavar_file_var_3387_13ab006b,Numérico,RECCOD,stock_batch_picking.field_stock_batch_picking_name, ,15,7,0,9,9,sga_ulma_integration.model_stock_batch_picking,True,2,
,,,,,,,,,,__export__.sgavar_file_var_3388_16a698bf,Numérico,ALMREF,, ,17,16,0,2,2,sga_ulma_integration.model_stock_batch_picking,True,3,1
,,,,,,,,,,__export__.sgavar_file_var_3389_1fdc598a,Alfanumerico,RECORDREF,, ,33,18,0,16,16,sga_ulma_integration.model_stock_batch_picking,True,4,
,,,,,,,,,,__export__.sgavar_file_var_3390_3051ab9e,Related-Alfanumérico,TERREF,stock.field_stock_picking_partner_id, ,49,34,0,16,16,sga_ulma_integration.model_stock_batch_picking,True,5,id
,,,,,,,,,,__export__.sgavar_file_var_3391_6ff2f8ab,Alfanumerico,TERPROREF,, ,65,50,0,16,16,sga_ulma_integration.model_stock_batch_picking,False,6,
,,,,,,,,,,__export__.sgavar_file_var_3392_59d3cb7a,Alfanumerico,RECORDTIP,, ,69,66,0,4,4,sga_ulma_integration.model_stock_batch_picking,True,7,ENPR
,,,,,,,,,,__export__.sgavar_file_var_3393_b1934acc,Alfanumerico,ALBARA,stock_batch_picking.field_stock_batch_picking_name, ,86,70,0,17,17,sga_ulma_integration.model_stock_batch_picking,True,8,
,,,,,,,,,,__export__.sgavar_file_var_3394_4cc8f3f9,Fecha,FECREC,stock.field_stock_picking_date_done, ,94,87,0,8,8,sga_ulma_integration.model_stock_batch_picking,True,9,
,,,,,,,,,,__export__.sgavar_file_var_3395_fdb355e2,Hora,HORREC,stock.field_stock_picking_date_done, ,98,95,0,5,5,sga_ulma_integration.model_stock_batch_picking,True,10,
,,,,,,,,,,__export__.sgavar_file_var_3396_1ddc78db,Alfanumerico,OBS,stock_batch_picking.field_stock_batch_picking_notes, ,139,99,0,40,40,sga_ulma_integration.model_stock_batch_picking,False,11,
,,,,,,,,,,__export__.sgavar_file_var_3415_db9323fc,one2many,MOVE_LINES,sga_adaia_integration.field_stock_batch_picking_draft_move_line_ids, ,0,0,0,0,0,sga_ulma_integration.model_stock_batch_picking,True,12,OSL
,,,,,,,,,,__export__.sgavar_file_var_3399_232bbcbc,Alfanumerico,ACCION,, ,6,5,0,2,2,sga_ulma_integration.model_stock_move,True,1,MO
,,,,,,,,,,__export__.sgavar_file_var_3400_dbff631e,Related-Alfanumérico,RECORDREF,stock.field_stock_move_line_picking_id, ,22,7,0,16,16,sga_ulma_integration.model_stock_move,True,2,sga_adaia_picking_name
,,,,,,,,,,__export__.sgavar_file_var_3401_52c2fcf1,Related-Numérico,ARTREF,stock.field_stock_move_line_product_id, ,38,23,0,16,16,sga_ulma_integration.model_stock_move,True,3,default_code
,,,,,,,,,,__export__.sgavar_file_var_3402_247c58ec,Numérico,CANPED,stock.field_stock_move_product_uom_qty, ,47,39,0,9,9,sga_ulma_integration.model_stock_move,True,4,
,,,,,,,,,,__export__.sgavar_file_var_3403_a9fd5624,Alfanumerico,TIPUNI,, ,51,48,0,4,4,sga_ulma_integration.model_stock_move,True,5,UD
,,,,,,,,,,__export__.sgavar_file_var_3404_a36d81da,Related-Numérico,NUMUNI,stock.field_stock_move_product_uom, ,59,52,0,8,8,sga_ulma_integration.model_stock_move,True,6,factor
,,,,,,,,,,__export__.sgavar_file_var_3405_e8665b8f,Alfanumerico,PESPED,, ,68,60,3,3,6,sga_ulma_integration.model_stock_move,False,7,
,,,,,,,,,,__export__.sgavar_file_var_3406_1a62a914,Numérico,PRECOM,, ,77,69,2,7,9,sga_ulma_integration.model_stock_move,False,8,
,,,,,,,,,,__export__.sgavar_file_var_3407_e6c269bd,Alfanumerico,ADMCANMAY,, ,78,78,0,1,1,sga_ulma_integration.model_stock_move,False,9,S
,,,,,,,,,,__export__.sgavar_file_var_3408_ebffa2f8,Alfanumerico,ADMCANMEN,, ,79,79,0,1,1,sga_ulma_integration.model_stock_move,False,10,S
,,,,,,,,,,__export__.sgavar_file_var_3409_87560bb2,Alfanumerico,IGNCAD,, ,80,80,0,1,1,sga_ulma_integration.model_stock_move,False,11,S
,,,,,,,,,,__export__.sgavar_file_var_3410_c436f245,Alfanumerico,CTRCAL,, ,81,81,0,1,1,sga_ulma_integration.model_stock_move,False,12,N
,,,,,,,,,,__export__.sgavar_file_var_3411_7beb74e1,Alfanumerico,RECORDLIN,stock.field_stock_move_line_id, ,90,82,0,9,9,sga_ulma_integration.model_stock_move,False,13,
,,,,,,,,,,__export__.sgavar_file_var_3412_3fb3d709,Alfanumerico,ADMCANMAYPOR,, ,93,91,0,3,3,sga_ulma_integration.model_stock_move,False,14,
,,,,,,,,,,__export__.sgavar_file_var_3413_c5d030aa,Alfanumerico,LOTE,stock_move_selection_wzd.field_stock_move_lot_id, ,103,94,0,20,20,sga_ulma_integration.model_stock_move,False,15,name
,,,,,,,,,,__export__.sgavar_file_var_3438_cfcfaba0,Alfanumerico,ACCION,, ,6,5,0,2,2,sga_ulma_integration.model_stock_move,True,1,MO
,,,,,,,,,,__export__.sgavar_file_var_3439_89c22858,Related-Alfanumérico,EXPORDREF,stock.field_stock_move_line_picking_id, ,21,7,0,15,15,sga_ulma_integration.model_stock_move,True,2,sga_adaia_picking_name
,,,,,,,,,,__export__.sgavar_file_var_3440_e9e0911d,Numérico,EXPORDLIN,stock.field_stock_move_line_id, ,30,22,0,9,9,sga_ulma_integration.model_stock_move,True,3,
,,,,,,,,,,__export__.sgavar_file_var_3441_8837c355,Related-Numérico,ARTREF,stock.field_stock_move_product_id, ,46,31,0,16,16,sga_ulma_integration.model_stock_move,True,4,default_code
,,,,,,,,,,__export__.sgavar_file_var_3442_d2ef9532,Numérico,CANPED,stock.field_stock_move_product_uom_qty, ,55,47,0,9,9,sga_ulma_integration.model_stock_move,True,5,
,,,,,,,,,,__export__.sgavar_file_var_3443_0389734a,Alfanumerico,TIPUNI,, ,59,56,0,4,4,sga_ulma_integration.model_stock_move,True,6,UD
,,,,,,,,,,__export__.sgavar_file_var_3444_ef183857,Related-Numérico,NUMUNI,stock.field_stock_move_product_uom, ,67,60,0,8,8,sga_ulma_integration.model_stock_move,True,7,factor
,,,,,,,,,,__export__.sgavar_file_var_3445_2340e268,Alfanumerico,PESPED,, ,76,68,3,6,9,sga_ulma_integration.model_stock_move,False,8,
,,,,,,,,,,__export__.sgavar_file_var_3446_b82babb2,Alfanumerico,PREVEN,, ,85,77,2,7,9,sga_ulma_integration.model_stock_move,False,9,
,,,,,,,,,,__export__.sgavar_file_var_3447_56e0b23d,Alfanumerico,OBS,, ,125,86,0,40,40,sga_ulma_integration.model_stock_move,False,10,
,,,,,,,,,,__export__.sgavar_file_var_3448_0bc81bd5,Alfanumerico,LOTE,, ,145,126,0,20,20,sga_ulma_integration.model_stock_move,False,11,
,,,,,,,,,,__export__.sgavar_file_var_3449_be9c6c17,Alfanumerico,KIT,, ,146,146,0,1,1,sga_ulma_integration.model_stock_move,False,12,N
,,,,,,,,,,__export__.sgavar_file_var_3450_fc297b25,Alfanumerico,VIDAUTILMIN,, ,149,147,0,3,3,sga_ulma_integration.model_stock_move,False,13,
,,,,,,,,,,__export__.sgavar_file_var_3451_24b3349a,Alfanumerico,VIDAUTILMAX,, ,152,150,0,3,3,sga_ulma_integration.model_stock_move,False,14,
,,,,,,,,,,__export__.sgavar_file_var_1200_17698ee6,Alfanumerico,ACCION,, ,6,5,0,2,2,sga_ulma_integration.model_stock_move,True,1,MO
,,,,,,,,,,__export__.sgavar_file_var_1201_9b482110,Related-Alfanumérico,RECORDREF,stock.field_stock_move_line_picking_id, ,22,7,0,16,16,sga_ulma_integration.model_stock_move,True,2,sga_adaia_picking_name
,,,,,,,,,,__export__.sgavar_file_var_1202_27bad89f,Related-Numérico,ARTREF,stock.field_stock_move_line_product_id, ,38,23,0,16,16,sga_ulma_integration.model_stock_move,True,3,default_code
,,,,,,,,,,__export__.sgavar_file_var_1203_eb0cd75b,Numérico,CANREC,stock.field_stock_move_product_uom_qty, ,47,39,0,9,9,sga_ulma_integration.model_stock_move,True,4,
,,,,,,,,,,__export__.sgavar_file_var_1204_e62928a5,Alfanumerico,TIPUNI,, ,51,48,0,4,4,sga_ulma_integration.model_stock_move,True,5,UD
,,,,,,,,,,__export__.sgavar_file_var_1206_03e32e00,Alfanumerico,PESREC,, ,68,52,3,3,6,sga_ulma_integration.model_stock_move,False,7,
,,,,,,,,,,__export__.sgavar_file_var_1207_30bfff16,Numérico,PRECOM,, ,77,58,2,7,9,sga_ulma_integration.model_stock_move,False,8,
,,,,,,,,,,__export__.sgavar_file_var_1208_5d534fd6,Alfanumerico,PESPRO,, ,78,67,0,1,1,sga_ulma_integration.model_stock_move,False,9,
,,,,,,,,,,__export__.sgavar_file_var_1212_f56b7b64,Alfanumerico,RECORDLIN,stock.field_stock_move_line_id, ,90,68,0,9,9,sga_ulma_integration.model_stock_move,False,10,
,,,,,,,,,,__export__.sgavar_file_var_1214_4c793396,Alfanumerico,LOTE,stock.field_stock_move_line_lot_id, ,103,77,0,20,20,sga_ulma_integration.model_stock_move,False,11,name
,,,,,,,,,,__export__.sgavar_file_var_1209_02f4597f,Alfanumerico,INCIDENCIA,, ,79,97,0,1,1,sga_ulma_integration.model_stock_move,False,12,S
,,,,,,,,,,__export__.sgavar_file_var_1226_182fb5cf,Alfanumerico,ACCION,, ,6,5,0,2,2,sga_ulma_integration.model_stock_picking,True,'-13,AG
,,,,,,,,,,__export__.sgavar_file_var_1225_18913b68,Alfanumerico,SSCC,, ,25,7,0,18,18,sga_ulma_integration.model_stock_picking,False,'-12,
,,,,,,,,,,__export__.sgavar_file_var_1224_b11ce462,Related-Alfanumérico,ARTREF,stock.field_stock_picking_product_id, ,41,26,0,16,16,sga_ulma_integration.model_stock_picking,True,'-11,default_code
,,,,,,,,,,__export__.sgavar_file_var_1223_7e0efa37,Alfanumerico,LOTE,,,61,42,0,20,20,sga_ulma_integration.model_stock_picking,False,'-10, 
,,,,,,,,,,__export__.sgavar_file_var_1222_df953c6d,Numérico,CAN,stock.field_stock_move_line_qty_done, ,70,62,0,9,9,sga_ulma_integration.model_stock_picking,True,'-9,
,,,,,,,,,,__export__.sgavar_file_var_1221_43c9016d,Alfanumerico,TIPUNI,, ,74,71,0,4,4,sga_ulma_integration.model_stock_picking,False,'-8,
,,,,,,,,,,__export__.sgavar_file_var_1220_12d87fa2,Alfanumerico,NUMUNI,, ,82,75,0,8,8,sga_ulma_integration.model_stock_picking,False,'-7,
,,,,,,,,,,__export__.sgavar_file_var_1219_fc8f18bf,Alfanumerico,ROTACION,, ,90,83,0,8,8,sga_ulma_integration.model_stock_picking,False,'-6,
,,,,,,,,,,__export__.sgavar_file_var_1218_f95d89cc,Alfanumerico,ORIGEN,, ,96,91,0,16,16,sga_ulma_integration.model_stock_picking,False,'-5,
,,,,,,,,,,__export__.sgavar_file_var_1217_9b646d7d,Alfanumerico,DESTINO,, ,112,97,0,16,16,sga_ulma_integration.model_stock_picking,False,'-4,
,,,,,,,,,,__export__.sgavar_file_var_1230_3a63dee7,Alfanumerico,DIMCOD,, ,116,113,0,4,4,sga_ulma_integration.model_stock_picking,False,'-3,
,,,,,,,,,,__export__.sgavar_file_var_1229_0bbb8723,Alfanumerico,TERREFRES,, ,132,117,0,16,16,sga_ulma_integration.model_stock_picking,False,'-2,
,,,,,,,,,,__export__.sgavar_file_var_1228_a08dd8d6,Alfanumerico,TERPROREF,, ,148,133,0,16,16,sga_ulma_integration.model_stock_picking,False,'-1,
,,,,,,,,,,__export__.sgavar_file_var_1227_9f57af54,Alfanumerico,PES,, ,157,149,3,6,9,sga_ulma_integration.model_stock_picking,False,0,
